timestamp,app_id,email_id,status_code,response_time_ms,error_message
2025-07-27T07:37:57.359747,TestDelApp,user0@example.com,500,87.06,Internal Server Error
2025-07-27T09:52:47.359747,TestDelApp,user1@example.com,404,1388.74,Not Found
2025-07-27T13:01:37.359747,TestDelApp,user2@example.com,403,1656.72,Forbidden
2025-07-27T09:08:10.359747,TestDelApp,user3@example.com,503,1765.31,Service Unavailable
2025-07-27T17:43:22.359747,TestDelApp,user4@example.com,500,1111.59,Internal Server Error
2025-07-28T01:31:57.359747,TestDelApp,user5@example.com,401,643.44,Unauthorized
2025-07-27T07:28:39.359747,TestDelApp,user6@example.com,502,1002.17,Bad Gateway
2025-07-27T21:45:03.359747,TestDelApp,user7@example.com,403,1048.98,Forbidden
2025-07-27T05:12:16.359747,TestDelApp,user8@example.com,403,465.63,Forbidden
2025-07-27T09:42:02.359747,DrSamApp,user9@example.com,404,1750.97,Not Found
2025-07-27T07:23:41.359747,DrSamApp,user10@example.com,403,659.49,Forbidden
2025-07-27T14:39:13.359747,DrSamApp,user11@example.com,404,1544.62,Not Found
2025-07-27T16:07:06.359747,DrSamApp,user12@example.com,200,1546.68,
2025-07-27T13:45:37.359747,DrSamApp,user13@example.com,403,1780.11,Forbidden
2025-07-27T02:29:38.359747,DrSamApp,user14@example.com,201,1049.8,
2025-07-27T20:32:33.359747,DrSamApp,user15@example.com,404,1679.62,Not Found
2025-07-27T22:38:36.359747,DrSamApp,user16@example.com,201,1629.99,
2025-07-27T16:14:32.359747,DrSamApp,user17@example.com,400,1937.81,Bad Request
2025-07-27T15:09:43.359747,MetLifeIncApp,user18@example.com,502,1756.6,Bad Gateway
2025-07-27T19:25:11.359747,MetLifeIncApp,user19@example.com,401,1127.91,Unauthorized
2025-07-27T17:49:51.359747,MetLifeIncApp,user20@example.com,200,713.56,
2025-07-28T01:03:14.359747,MetLifeIncApp,user21@example.com,404,476.21,Not Found
2025-07-27T14:43:17.359747,MetLifeIncApp,user22@example.com,503,1185.71,Service Unavailable
2025-07-27T15:03:01.359747,MetLifeIncApp,user23@example.com,400,1778.84,Bad Request
2025-07-27T11:18:57.359747,MetLifeIncApp,user24@example.com,400,1143,Bad Request
2025-07-27T18:11:28.359747,MetLifeIncApp,user25@example.com,404,395.72,Not Found
2025-07-27T05:19:16.359747,DeptCommEmployeeApp,user26@example.com,500,636.07,Internal Server Error
2025-07-27T14:56:39.359747,DeptCommEmployeeApp,user27@example.com,200,1575.24,
2025-07-28T03:03:24.359747,DeptCommEmployeeApp,user28@example.com,201,334.61,
2025-07-27T12:02:18.359747,DeptCommEmployeeApp,user29@example.com,201,1294.05,
2025-07-28T01:31:31.359747,DeptCommEmployeeApp,user30@example.com,400,583.2,Bad Request
2025-07-28T00:02:29.359747,DeptCommEmployeeApp,user31@example.com,503,446.77,Service Unavailable
2025-07-28T03:13:26.359747,DeptCommEmployeeApp,user32@example.com,503,1863.62,Service Unavailable
2025-07-27T20:16:07.359747,DeptCommEmployeeApp,user33@example.com,201,560.04,
2025-07-27T12:17:51.359747,DeptCommEmployeeApp,user34@example.com,201,1231.37,
2025-07-28T01:26:40.359747,DeptCommEmployeeApp,user35@example.com,200,79.72,
2025-07-27T18:32:36.359747,DeptCommEmployeeApp,user36@example.com,200,796.61,
2025-07-27T04:52:06.359747,DeptCommEmployeeApp,user37@example.com,500,353.09,Internal Server Error
2025-07-27T13:16:52.359747,DeptCommEmployeeApp,user38@example.com,401,509.28,Unauthorized
2025-07-27T09:02:06.359747,DeptCommEmployeeApp,user39@example.com,503,1239.91,Service Unavailable
2025-07-27T02:16:16.359747,DeptCommEmployeeApp,user40@example.com,500,277.67,Internal Server Error
2025-07-27T16:04:31.359747,DeptCommEmployeeApp,user41@example.com,201,293.76,
2025-07-27T05:01:00.359747,DeptCommEmployeeApp,user42@example.com,502,1828.91,Bad Gateway
2025-07-27T08:18:09.359747,DeptCommEmployeeApp,user43@example.com,400,902.52,Bad Request
2025-07-28T01:24:45.359747,DeptCommEmployeeApp,user44@example.com,200,1328.06,
2025-07-27T15:39:07.359747,DeptCommEmployeeApp,user45@example.com,502,972.77,Bad Gateway
2025-07-27T08:29:36.359747,DeptCommEmployeeApp,user46@example.com,503,118.17,Service Unavailable
2025-07-27T22:19:16.359747,DeptCommEmployeeApp,user47@example.com,200,1487.93,
2025-07-28T01:50:38.359747,DeptCommEmployeeApp,user48@example.com,200,190.85,
2025-07-27T18:34:15.359747,DeptCommEmployeeApp,user49@example.com,400,1089,Bad Request
2025-07-27T08:05:58.359747,DeptCommEmployeeApp,user50@example.com,403,780.63,Forbidden
2025-07-27T03:30:29.359747,DeptCommEmployeeApp,user51@example.com,403,1163.98,Forbidden
2025-07-27T07:45:53.359747,DeptCommEmployeeApp,user52@example.com,201,1611.54,
2025-07-28T04:06:37.359747,DeptCommEmployeeApp,user53@example.com,200,1606.98,
2025-07-27T11:06:43.359747,DeptCommEmployeeApp,user54@example.com,502,606.89,Bad Gateway
2025-07-27T20:12:52.359747,DeptCommEmployeeApp,user55@example.com,201,1327.22,
2025-07-27T06:45:00.359747,DeptCommEmployeeApp,user56@example.com,401,1970.16,Unauthorized
2025-07-27T19:14:43.359747,DeptCommEmployeeApp,user57@example.com,201,1773.39,
2025-07-27T02:42:11.359747,DeptCommEmployeeApp,user58@example.com,401,1048.59,Unauthorized
2025-07-27T09:20:25.359747,DeptCommEmployeeApp,user59@example.com,401,1011.14,Unauthorized
2025-07-27T03:51:39.359747,DeptCommEmployeeApp,user60@example.com,400,1122.67,Bad Request
2025-07-27T21:24:51.359747,DeptCommEmployeeApp,user61@example.com,401,1957.48,Unauthorized
2025-07-27T18:11:06.359747,DeptCommEmployeeApp,user62@example.com,404,1555.75,Not Found
2025-07-27T05:04:58.359747,DeptCommEmployeeApp,user63@example.com,502,1871.84,Bad Gateway
2025-07-27T07:08:06.359747,DeptCommEmployeeApp,user64@example.com,200,636.6,
2025-07-27T11:29:36.359747,DeptCommEmployeeApp,user65@example.com,500,1457.97,Internal Server Error
2025-07-27T13:12:16.359747,DeptCommEmployeeApp,user66@example.com,403,1248.4,Forbidden
2025-07-27T04:59:57.359747,ErithraGreenApp,user67@example.com,500,183.9,Internal Server Error
2025-07-28T00:37:07.359747,ErithraGreenApp,user68@example.com,400,1632.85,Bad Request
2025-07-27T19:03:36.359747,ErithraGreenApp,user69@example.com,400,1794.91,Bad Request
2025-07-27T17:06:36.359747,ErithraGreenApp,user70@example.com,404,242.5,Not Found
2025-07-27T01:33:43.359747,ErithraGreenApp,user71@example.com,503,1763.24,Service Unavailable
2025-07-28T01:54:47.359747,ErithraGreenApp,user72@example.com,502,1776.3,Bad Gateway
2025-07-27T07:42:25.359747,ErithraGreenApp,user73@example.com,502,1449.37,Bad Gateway
2025-07-28T00:02:43.359747,ErithraGreenApp,user74@example.com,200,1082.92,
2025-07-28T01:13:50.359747,ErithraGreenApp,user75@example.com,400,369.21,Bad Request
2025-07-27T21:54:16.359747,ErithraGreenApp,user76@example.com,503,1061.7,Service Unavailable
2025-07-27T17:01:14.359747,ErithraGreenApp,user77@example.com,401,255.22,Unauthorized
2025-07-27T03:50:57.359747,ErithraGreenApp,user78@example.com,200,853.51,
2025-07-27T18:56:13.359747,ErithraGreenApp,user79@example.com,403,1960.99,Forbidden
2025-07-28T03:30:25.359747,ErithraGreenApp,user80@example.com,500,597.35,Internal Server Error
2025-07-27T08:18:42.359747,ErithraGreenApp,user81@example.com,201,102,
2025-07-28T01:46:11.359747,ErithraGreenApp,user82@example.com,200,1326.98,
2025-07-27T08:56:24.359747,ErithraGreenApp,user83@example.com,400,1281.96,Bad Request
2025-07-27T08:10:58.359747,ErithraGreenApp,user84@example.com,201,1597.46,
2025-07-27T22:26:58.359747,ErithraGreenApp,user85@example.com,401,475.93,Unauthorized
2025-07-28T04:36:24.359747,ErithraGreenApp,user86@example.com,400,1617.32,Bad Request
2025-07-27T15:20:42.359747,ErithraGreenApp,user87@example.com,403,1951.35,Forbidden
2025-07-27T18:33:57.359747,ErithraGreenApp,user88@example.com,201,1364.88,
2025-07-27T19:20:08.359747,ErithraGreenApp,user89@example.com,400,1117.14,Bad Request
2025-07-27T04:12:39.359747,PosaDaElicaApp,user90@example.com,200,1280.21,
2025-07-27T16:42:19.359747,PosaDaElicaApp,user91@example.com,200,709.51,
2025-07-27T05:03:57.359747,PosaDaElicaApp,user92@example.com,502,1653.83,Bad Gateway
2025-07-28T03:50:26.359747,PosaDaElicaApp,user93@example.com,201,532.47,
2025-07-27T23:27:31.359747,PosaDaElicaApp,user94@example.com,403,1420.18,Forbidden
2025-07-28T00:20:20.359747,ElderHomeSunshineApp,user95@example.com,503,128.11,Service Unavailable
2025-07-27T05:45:52.359747,ElderHomeSunshineApp,user96@example.com,401,1177.53,Unauthorized
2025-07-28T04:12:49.359747,ElderHomeSunshineApp,user97@example.com,200,1974.75,
2025-07-27T03:03:03.359747,ElderHomeSunshineApp,user98@example.com,200,996,
2025-07-27T02:16:43.359747,ElderHomeSunshineApp,user99@example.com,500,729.76,Internal Server Error
2025-07-27T04:29:01.359747,ElderHomeSunshineApp,user100@example.com,502,32.87,Bad Gateway
2025-07-27T13:47:12.359747,ElderHomeSunshineApp,user101@example.com,200,38.26,
2025-07-27T13:33:10.359747,ElderHomeSunshineApp,user102@example.com,503,1984.37,Service Unavailable
2025-07-27T04:20:28.359747,ElderHomeSunshineApp,user103@example.com,401,189.91,Unauthorized
2025-07-27T03:53:19.359747,ElderHomeSunshineApp,user104@example.com,201,1890.46,
2025-07-27T13:49:33.359747,ElderHomeSunshineApp,user105@example.com,200,620.66,
2025-07-28T01:28:31.359747,ElderHomeSunshineApp,user106@example.com,401,580.51,Unauthorized
2025-07-27T18:06:59.359747,ElderHomeSunshineApp,user107@example.com,502,1429.23,Bad Gateway
2025-07-27T11:37:31.359747,ElderHomeSunshineApp,user108@example.com,502,530.12,Bad Gateway
2025-07-28T02:25:25.359747,ElderHomeSunshineApp,user109@example.com,500,1135.21,Internal Server Error
2025-07-27T15:06:39.359747,ElderHomeSunshineApp,user110@example.com,503,950.57,Service Unavailable
2025-07-27T23:54:14.359747,ElderHomeSunshineApp,user111@example.com,502,1844.82,Bad Gateway
2025-07-27T05:38:26.359747,ElderHomeSunshineApp,user112@example.com,400,461.32,Bad Request
2025-07-28T04:04:20.359747,ElderHomeSunshineApp,user113@example.com,503,1702.45,Service Unavailable
2025-07-27T04:53:41.359747,ElderHomeSunshineApp,user114@example.com,201,1034.4,
2025-07-27T12:23:44.359747,ElderHomeSunshineApp,user115@example.com,500,1074.65,Internal Server Error
2025-07-27T04:28:50.359747,ElderHomeSunshineApp,user116@example.com,404,1123.44,Not Found
2025-07-27T22:36:38.359747,ElderHomeSunshineApp,user117@example.com,403,870.98,Forbidden
2025-07-27T08:07:07.359747,ElderHomeSunshineApp,user118@example.com,201,1231.49,
2025-07-28T00:21:50.359747,ElderHomeSunshineApp,user119@example.com,200,800.76,
2025-07-27T17:03:06.359747,ElderHomeSunshineApp,user120@example.com,404,967.75,Not Found
2025-07-27T04:49:04.359747,ElderHomeSunshineApp,user121@example.com,400,1871.12,Bad Request
2025-07-27T22:48:26.359747,ElderHomeSunshineApp,user122@example.com,401,827.15,Unauthorized
2025-07-27T18:20:25.359747,ElderHomeSunshineApp,user123@example.com,400,1651.72,Bad Request
2025-07-27T03:25:25.359747,ElderHomeSunshineApp,user124@example.com,401,1238.09,Unauthorized
2025-07-27T22:37:28.359747,ElderHomeSunshineApp,user125@example.com,400,1564.77,Bad Request
2025-07-27T16:51:58.359747,ElderHomeSunshineApp,user126@example.com,200,120.62,
2025-07-28T03:32:19.359747,ElderHomeSunshineApp,user127@example.com,500,1470.6,Internal Server Error
2025-07-28T03:47:45.359747,ElderHomeSunshineApp,user128@example.com,401,48.7,Unauthorized
2025-07-27T20:57:08.359747,ElderHomeSunshineApp,user129@example.com,200,312.22,
2025-07-27T13:28:51.359747,ElderHomeSunshineApp,user130@example.com,201,661.56,
2025-07-28T01:49:26.359747,ElderHomeSunshineApp,user131@example.com,400,340.76,Bad Request
2025-07-27T12:06:18.359747,ElderHomeSunshineApp,user132@example.com,503,154.69,Service Unavailable
2025-07-27T05:49:46.359747,ElderHomeSunshineApp,user133@example.com,400,1945.64,Bad Request
2025-07-27T02:53:54.359747,ElderHomeSunshineApp,user134@example.com,200,925.21,
2025-07-27T06:00:13.359747,ElderHomeSunshineApp,user135@example.com,403,428.99,Forbidden
2025-07-27T07:14:28.359747,ElderHomeSunshineApp,user136@example.com,500,942.06,Internal Server Error
2025-07-28T00:31:23.359747,ElderHomeSunshineApp,user137@example.com,201,1667.7,
2025-07-28T02:38:55.359747,ElderHomeSunshineApp,user138@example.com,502,1015.52,Bad Gateway
2025-07-27T06:05:03.359747,ElderHomeSunshineApp,user139@example.com,500,1171.66,Internal Server Error
2025-07-28T00:34:50.359747,ElderHomeSunshineApp,user140@example.com,500,947.23,Internal Server Error
2025-07-27T08:43:51.359747,ElderHomeSunshineApp,user141@example.com,503,1636.31,Service Unavailable
2025-07-27T07:08:05.359747,ElderHomeSunshineApp,user142@example.com,500,1644.51,Internal Server Error
2025-07-27T08:56:16.359747,ElderHomeSunshineApp,user143@example.com,401,1134.16,Unauthorized
2025-07-27T04:44:51.359747,ElderHomeSunshineApp,user144@example.com,403,679.32,Forbidden
2025-07-28T00:18:04.359747,ElderHomeSunshineApp,user145@example.com,403,1583.91,Forbidden
2025-07-28T00:11:45.359747,ElderHomeSunshineApp,user146@example.com,401,1505.67,Unauthorized
2025-07-28T00:17:31.359747,ElderHomeSunshineApp,user147@example.com,401,1597.55,Unauthorized
2025-07-28T01:37:13.359747,ElderHomeSunshineApp,user148@example.com,400,135.25,Bad Request
2025-07-27T11:23:04.359747,ElderHomeSunshineApp,user149@example.com,404,452.33,Not Found
2025-07-27T14:35:03.359747,ElderHomeSunshineApp,user150@example.com,400,300.67,Bad Request
2025-07-27T04:41:18.359747,ElderHomeSunshineApp,user151@example.com,404,846.99,Not Found
2025-07-27T23:06:43.359747,ElderHomeSunshineApp,user152@example.com,400,1471.04,Bad Request
2025-07-27T10:42:58.359747,ElderHomeSunshineApp,user153@example.com,502,559.76,Bad Gateway
2025-07-27T21:02:53.359747,ElderHomeSunshineApp,user154@example.com,200,263.42,
2025-07-28T03:24:39.359747,ElderHomeSunshineApp,user155@example.com,201,208.11,
2025-07-27T05:00:13.359747,ElderHomeSunshineApp,user156@example.com,401,887.24,Unauthorized
2025-07-27T04:08:23.359747,ElderHomeSunshineApp,user157@example.com,404,386.12,Not Found
2025-07-27T09:49:42.359747,ElderHomeSunshineApp,user158@example.com,500,524.04,Internal Server Error
2025-07-27T03:28:39.359747,ElderHomeSunshineApp,user159@example.com,200,1986.18,
2025-07-28T04:12:46.359747,ElderHomeSunshineApp,user160@example.com,400,146.84,Bad Request
2025-07-27T16:58:50.359747,ElderHomeSunshineApp,user161@example.com,503,540.2,Service Unavailable
2025-07-27T20:36:58.359747,ElderHomeSunshineApp,user162@example.com,500,792.09,Internal Server Error
2025-07-27T12:39:35.359747,ElderHomeSunshineApp,user163@example.com,400,1800.69,Bad Request
2025-07-27T11:33:57.359747,ElderHomeSunshineApp,user164@example.com,403,1814.24,Forbidden
2025-07-27T07:18:35.359747,ElderHomeSunshineApp,user165@example.com,400,1800.37,Bad Request
2025-07-27T19:09:44.359747,ElderHomeSunshineApp,user166@example.com,201,1639.6,
2025-07-27T07:45:36.359747,ElderHomeSunshineApp,user167@example.com,500,789.01,Internal Server Error
2025-07-27T13:04:12.359747,ElderHomeSunshineApp,user168@example.com,500,680.24,Internal Server Error
2025-07-28T05:00:44.359747,ElderHomeSunshineApp,user169@example.com,401,263.04,Unauthorized
2025-07-27T08:32:55.359747,ElderHomeSunshineApp,user170@example.com,502,58.21,Bad Gateway
2025-07-27T17:03:33.359747,ElderHomeSunshineApp,user171@example.com,503,961.13,Service Unavailable
2025-07-27T03:55:58.359747,ElderHomeSunshineApp,user172@example.com,404,472.44,Not Found
2025-07-27T05:06:20.359747,ElderHomeSunshineApp,user173@example.com,500,732.87,Internal Server Error
2025-07-27T22:00:50.359747,ElderHomeSunshineApp,user174@example.com,404,1705.26,Not Found
2025-07-27T07:45:39.359747,ElderHomeSunshineApp,user175@example.com,401,237.66,Unauthorized
2025-07-27T05:38:21.359747,ElderHomeSunshineApp,user176@example.com,401,147.11,Unauthorized
2025-07-27T09:39:43.359747,ElderHomeSunshineApp,user177@example.com,500,287.54,Internal Server Error
2025-07-27T09:57:47.359747,ElderHomeSunshineApp,user178@example.com,201,1609.37,
2025-07-27T17:24:08.359747,ElderHomeSunshineApp,user179@example.com,201,1635.89,
2025-07-27T01:54:02.359747,ElderHomeSunshineApp,user180@example.com,503,924.13,Service Unavailable
2025-07-27T10:05:26.359747,ElderHomeSunshineApp,user181@example.com,502,1956.44,Bad Gateway
2025-07-28T01:25:05.359747,ElderHomeSunshineApp,user182@example.com,401,802.22,Unauthorized
2025-07-28T03:44:27.359747,ElderHomeSunshineApp,user183@example.com,503,1021.83,Service Unavailable
2025-07-27T01:34:25.359747,ElderHomeSunshineApp,user184@example.com,403,680.58,Forbidden
2025-07-27T19:42:12.359747,ElderHomeSunshineApp,user185@example.com,201,1126.87,
2025-07-27T12:50:27.359747,ElderHomeSunshineApp,user186@example.com,404,1692.07,Not Found
2025-07-27T04:07:23.359747,ElderHomeSunshineApp,user187@example.com,403,375.72,Forbidden
2025-07-27T07:40:53.359747,ElderHomeSunshineApp,user188@example.com,401,1494.9,Unauthorized
2025-07-27T14:45:42.359747,ElderHomeSunshineApp,user189@example.com,500,127.52,Internal Server Error
2025-07-28T00:33:27.359747,ElderHomeSunshineApp,user190@example.com,503,1657.64,Service Unavailable
2025-07-27T19:19:52.359747,ElderHomeSunshineApp,user191@example.com,502,1332.99,Bad Gateway
2025-07-27T05:06:42.359747,ElderHomeSunshineApp,user192@example.com,401,841.37,Unauthorized
2025-07-27T01:18:19.359747,ElderHomeSunshineApp,user193@example.com,403,1091.04,Forbidden
2025-07-27T11:56:15.359747,ElderHomeSunshineApp,user194@example.com,502,564.08,Bad Gateway
2025-07-27T23:04:36.359747,ElderHomeSunshineApp,user195@example.com,401,979.01,Unauthorized
2025-07-27T08:30:45.359747,ElderHomeSunshineApp,user196@example.com,200,106.84,
2025-07-27T23:58:24.359747,ElderHomeSunshineApp,user197@example.com,200,1420.26,
2025-07-27T17:19:29.359747,ElderHomeSunshineApp,user198@example.com,401,1271.99,Unauthorized
2025-07-27T02:31:43.359747,ElderHomeSunshineApp,user199@example.com,401,1750.24,Unauthorized
2025-07-28T05:02:15.359747,ElderHomeSunshineApp,user200@example.com,500,1982.98,Internal Server Error
2025-07-27T14:39:28.359747,ElderHomeSunshineApp,user201@example.com,201,274.4,
2025-07-27T11:53:21.359747,ElderHomeSunshineApp,user202@example.com,403,178.33,Forbidden
2025-07-27T17:58:18.359747,ElderHomeSunshineApp,user203@example.com,403,80.94,Forbidden
2025-07-27T16:14:24.359747,ElderHomeSunshineApp,user204@example.com,401,1243.59,Unauthorized
2025-07-27T20:30:04.359747,ElderHomeSunshineApp,user205@example.com,500,694.35,Internal Server Error
2025-07-27T21:04:33.359747,ElderHomeSunshineApp,user206@example.com,200,373.35,
2025-07-27T16:18:18.359747,ElderHomeSunshineApp,user207@example.com,404,619.47,Not Found
2025-07-27T18:12:13.359747,ElderHomeSunshineApp,user208@example.com,500,1576.32,Internal Server Error
2025-07-27T23:38:52.359747,ElderHomeSunshineApp,user209@example.com,200,1070.3,
2025-07-28T01:47:31.359747,ElderHomeSunshineApp,user210@example.com,404,447.71,Not Found
2025-07-27T11:19:27.359747,ElderHomeSunshineApp,user211@example.com,401,596.14,Unauthorized
2025-07-27T13:01:04.359747,ElderHomeSunshineApp,user212@example.com,401,1809.42,Unauthorized
2025-07-27T23:10:53.359747,ElderHomeSunshineApp,user213@example.com,401,84.95,Unauthorized
2025-07-27T21:12:01.359747,ElderHomeSunshineApp,user214@example.com,401,318.62,Unauthorized
2025-07-27T14:04:42.359747,ElderHomeSunshineApp,user215@example.com,401,492.57,Unauthorized
2025-07-28T04:57:58.359747,ElderHomeSunshineApp,user216@example.com,201,462.35,
2025-07-27T02:41:15.359747,ElderHomeSunshineApp,user217@example.com,500,381.52,Internal Server Error
2025-07-27T17:29:53.359747,ElderHomeSunshineApp,user218@example.com,400,754.49,Bad Request
2025-07-27T21:29:58.359747,ElderHomeSunshineApp,user219@example.com,200,1528.09,
2025-07-27T21:48:54.359747,ElderHomeSunshineApp,user220@example.com,503,945.84,Service Unavailable
2025-07-27T12:15:46.359747,ElderHomeSunshineApp,user221@example.com,400,1430.57,Bad Request
2025-07-27T17:12:28.359747,ElderHomeSunshineApp,user222@example.com,200,1712.87,
2025-07-27T09:36:06.359747,ElderHomeSunshineApp,user223@example.com,500,1093.89,Internal Server Error
2025-07-28T02:39:36.359747,ElderHomeSunshineApp,user224@example.com,403,54.24,Forbidden
2025-07-27T04:26:54.359747,ElderHomeSunshineApp,user225@example.com,403,182.58,Forbidden
2025-07-27T04:13:25.359747,ElderHomeSunshineApp,user226@example.com,403,914.42,Forbidden
2025-07-27T08:39:58.359747,ElderHomeSunshineApp,user227@example.com,404,1120.63,Not Found
2025-07-27T04:27:55.359747,ElderHomeSunshineApp,user228@example.com,404,1289.66,Not Found
2025-07-27T20:45:29.359747,ElderHomeSunshineApp,user229@example.com,201,1441.59,
2025-07-27T08:47:52.359747,ElderHomeSunshineApp,user230@example.com,400,1657.55,Bad Request
2025-07-27T06:27:42.359747,ElderHomeSunshineApp,user231@example.com,401,256.48,Unauthorized
2025-07-28T02:18:33.359747,ElderHomeSunshineApp,user232@example.com,500,189.36,Internal Server Error
2025-07-27T22:38:35.359747,ElderHomeSunshineApp,user233@example.com,400,1976.24,Bad Request
2025-07-27T19:05:55.359747,ElderHomeSunshineApp,user234@example.com,403,1558.13,Forbidden
2025-07-28T01:46:25.359747,ElderHomeSunshineApp,user235@example.com,403,562.16,Forbidden
2025-07-27T12:27:15.359747,ElderHomeSunshineApp,user236@example.com,200,807.99,
2025-07-28T04:41:43.359747,ElderHomeSunshineApp,user237@example.com,502,1704.18,Bad Gateway
2025-07-28T02:05:31.359747,ElderHomeSunshineApp,user238@example.com,502,1172.8,Bad Gateway
2025-07-27T10:25:52.359747,ElderHomeSunshineApp,user239@example.com,401,866.46,Unauthorized
2025-07-27T04:31:23.359747,ElderHomeSunshineApp,user240@example.com,200,1526.71,
2025-07-27T16:14:17.359747,ElderHomeSunshineApp,user241@example.com,500,1154.58,Internal Server Error
2025-07-27T02:07:45.359747,ElderHomeSunshineApp,user242@example.com,404,1111.68,Not Found
2025-07-27T11:07:46.359747,ElderHomeSunshineApp,user243@example.com,401,787.06,Unauthorized
2025-07-27T20:14:06.359747,ElderHomeSunshineApp,user244@example.com,401,52.06,Unauthorized
2025-07-27T04:32:02.359747,ElderHomeSunshineApp,user245@example.com,503,118.37,Service Unavailable
2025-07-27T10:22:03.359747,ElderHomeSunshineApp,user246@example.com,503,1650.74,Service Unavailable
2025-07-27T21:52:04.359747,ElderHomeSunshineApp,user247@example.com,201,625.07,
2025-07-27T07:45:20.359747,ElderHomeSunshineApp,user248@example.com,500,453.48,Internal Server Error
2025-07-27T02:55:04.359747,ElderHomeSunshineApp,user249@example.com,400,185.86,Bad Request
2025-07-27T15:12:08.359747,ElderHomeSunshineApp,user250@example.com,503,885.23,Service Unavailable
2025-07-28T01:18:47.359747,ElderHomeSunshineApp,user251@example.com,404,792.29,Not Found
2025-07-27T21:39:52.359747,ElderHomeSunshineApp,user252@example.com,500,1076.16,Internal Server Error
2025-07-27T11:14:27.359747,ElderHomeSunshineApp,user253@example.com,404,1524.71,Not Found
2025-07-27T18:57:19.359747,ElderHomeSunshineApp,user254@example.com,502,1526.48,Bad Gateway
2025-07-27T12:32:08.359747,ElderHomeSunshineApp,user255@example.com,201,203.64,
2025-07-27T19:06:52.359747,ElderHomeSunshineApp,user256@example.com,403,589.21,Forbidden
2025-07-27T17:02:23.359747,ElderHomeSunshineApp,user257@example.com,502,1088.73,Bad Gateway
2025-07-27T03:12:04.359747,ElderHomeSunshineApp,user258@example.com,400,1949.59,Bad Request
2025-07-27T21:28:03.359747,ElderHomeSunshineApp,user259@example.com,404,1712.79,Not Found
2025-07-27T07:00:10.359747,ElderHomeSunshineApp,user260@example.com,500,1699.12,Internal Server Error
2025-07-27T06:02:04.359747,ElderHomeSunshineApp,user261@example.com,503,124.82,Service Unavailable
2025-07-28T01:04:36.359747,ElderHomeSunshineApp,user262@example.com,500,847.09,Internal Server Error
2025-07-28T04:49:25.359747,ElderHomeSunshineApp,user263@example.com,500,1400.28,Internal Server Error
2025-07-28T01:45:45.359747,ElderHomeSunshineApp,user264@example.com,404,1412.26,Not Found
2025-07-27T11:56:17.359747,ElderHomeSunshineApp,user265@example.com,403,170.5,Forbidden
2025-07-27T08:02:10.359747,ElderHomeSunshineApp,user266@example.com,200,1375.4,
2025-07-27T14:49:15.359747,ElderHomeSunshineApp,user267@example.com,401,1653.98,Unauthorized
2025-07-27T22:21:18.359747,ElderHomeSunshineApp,user268@example.com,503,1035.6,Service Unavailable
2025-07-27T15:55:05.359747,ElderHomeSunshineApp,user269@example.com,403,766.38,Forbidden
2025-07-27T23:25:28.359747,ElderHomeSunshineApp,user270@example.com,200,709.92,
2025-07-27T07:19:33.359747,ElderHomeSunshineApp,user271@example.com,404,618.02,Not Found
2025-07-27T15:14:44.359747,ElderHomeSunshineApp,user272@example.com,401,1466.37,Unauthorized
2025-07-27T18:14:06.359747,ElderHomeSunshineApp,user273@example.com,503,1674.5,Service Unavailable
2025-07-27T11:27:01.359747,ElderHomeSunshineApp,user274@example.com,500,1719.21,Internal Server Error
2025-07-27T08:50:33.359747,ElderHomeSunshineApp,user275@example.com,500,1129.18,Internal Server Error
2025-07-28T00:24:44.359747,ElderHomeSunshineApp,user276@example.com,503,1615.29,Service Unavailable
2025-07-27T08:20:26.359747,ElderHomeSunshineApp,user277@example.com,502,720.38,Bad Gateway
2025-07-27T04:48:27.359747,ElderHomeSunshineApp,user278@example.com,400,500.72,Bad Request
2025-07-27T08:26:33.359747,ElderHomeSunshineApp,user279@example.com,502,1585.21,Bad Gateway
2025-07-27T08:21:49.359747,ElderHomeSunshineApp,user280@example.com,503,520.11,Service Unavailable
2025-07-28T03:48:03.359747,ElderHomeSunshineApp,user281@example.com,500,486.51,Internal Server Error
2025-07-27T04:10:06.359747,ElderHomeSunshineApp,user282@example.com,200,717.76,
2025-07-27T01:18:35.359747,ElderHomeSunshineApp,user283@example.com,500,1036.34,Internal Server Error
2025-07-28T02:16:28.359747,ElderHomeSunshineApp,user284@example.com,201,342.77,
2025-07-28T03:45:15.359747,ElderHomeSunshineApp,user285@example.com,503,890.72,Service Unavailable
2025-07-27T23:42:05.359747,ElderHomeSunshineApp,user286@example.com,400,1067.88,Bad Request
2025-07-27T13:08:00.359747,ElderHomeSunshineApp,user287@example.com,400,1515.62,Bad Request
2025-07-27T13:44:40.359747,ElderHomeSunshineApp,user288@example.com,401,1764.9,Unauthorized
2025-07-27T14:07:37.359747,ElderHomeSunshineApp,user289@example.com,401,379.87,Unauthorized
2025-07-27T21:50:42.359747,ElderHomeSunshineApp,user290@example.com,502,970.23,Bad Gateway
2025-07-27T11:44:07.359747,ElderHomeSunshineApp,user291@example.com,404,1576,Not Found
2025-07-27T19:23:57.359747,ElderHomeSunshineApp,user292@example.com,201,1266.43,
2025-07-27T14:36:44.359747,ElderHomeSunshineApp,user293@example.com,201,903.2,
2025-07-28T04:34:19.359747,ElderHomeSunshineApp,user294@example.com,403,412.89,Forbidden
2025-07-27T13:13:07.359747,ElderHomeSunshineApp,user295@example.com,200,827.61,
2025-07-27T19:18:34.359747,ElderHomeSunshineApp,user296@example.com,201,1033.41,
2025-07-27T15:03:08.359747,ElderHomeSunshineApp,user297@example.com,200,127.56,
2025-07-28T03:13:40.359747,ElderHomeSunshineApp,user298@example.com,503,1581.01,Service Unavailable
2025-07-28T00:38:53.359747,ElderHomeSunshineApp,user299@example.com,401,1980.62,Unauthorized
2025-07-27T16:58:56.359747,ElderHomeSunshineApp,user300@example.com,200,1031.25,
2025-07-27T17:40:31.359747,ElderHomeSunshineApp,user301@example.com,404,522.14,Not Found
2025-07-27T08:25:04.359747,ElderHomeSunshineApp,user302@example.com,200,835.6,
2025-07-28T03:02:37.359747,ElderHomeSunshineApp,user303@example.com,503,1770.71,Service Unavailable
2025-07-27T06:51:55.359747,ElderHomeSunshineApp,user304@example.com,404,1524.1,Not Found
2025-07-27T15:45:26.359747,ElderHomeSunshineApp,user305@example.com,401,773.45,Unauthorized
2025-07-27T09:13:24.359747,ElderHomeSunshineApp,user306@example.com,502,216.95,Bad Gateway
2025-07-28T00:53:33.359747,ElderHomeSunshineApp,user307@example.com,400,1106.67,Bad Request
2025-07-27T03:29:11.359747,ElderHomeSunshineApp,user308@example.com,404,1495.45,Not Found
2025-07-28T04:49:18.359747,ElderHomeSunshineApp,user309@example.com,400,1765.11,Bad Request
2025-07-27T23:05:58.359747,ElderHomeSunshineApp,user310@example.com,502,581.7,Bad Gateway
2025-07-27T17:21:33.359747,ElderHomeSunshineApp,user311@example.com,502,506.53,Bad Gateway
2025-07-28T04:54:46.359747,ElderHomeSunshineApp,user312@example.com,403,1884.61,Forbidden
2025-07-28T01:58:20.359747,ElderHomeSunshineApp,user313@example.com,404,1707.3,Not Found
2025-07-28T01:30:21.359747,ElderHomeSunshineApp,user314@example.com,200,1715.6,
2025-07-27T19:02:04.359747,ElderHomeSunshineApp,user315@example.com,404,963.52,Not Found
2025-07-27T21:24:40.359747,ElderHomeSunshineApp,user316@example.com,500,1991.2,Internal Server Error
2025-07-27T10:02:17.359747,ElderHomeSunshineApp,user317@example.com,200,277.36,
2025-07-27T23:31:13.359747,ElderHomeSunshineApp,user318@example.com,401,1173.82,Unauthorized
2025-07-27T17:43:08.359747,ElderHomeSunshineApp,user319@example.com,400,1634.94,Bad Request
2025-07-27T01:49:49.359747,ElderHomeSunshineApp,user320@example.com,502,793.93,Bad Gateway
2025-07-27T18:41:03.359747,ElderHomeSunshineApp,user321@example.com,500,605.78,Internal Server Error
2025-07-27T05:04:05.359747,ElderHomeSunshineApp,user322@example.com,404,1660.31,Not Found
2025-07-27T04:33:44.359747,ElderHomeSunshineApp,user323@example.com,502,1223.08,Bad Gateway
2025-07-27T05:31:50.359747,ElderHomeSunshineApp,user324@example.com,401,714.43,Unauthorized
2025-07-27T16:07:09.359747,ElderHomeSunshineApp,user325@example.com,401,864.22,Unauthorized
2025-07-27T10:02:39.359747,ElderHomeSunshineApp,user326@example.com,400,599.06,Bad Request
2025-07-27T08:09:11.359747,ElderHomeSunshineApp,user327@example.com,401,836.48,Unauthorized
2025-07-28T03:30:08.359747,ElderHomeSunshineApp,user328@example.com,404,516.87,Not Found
2025-07-27T02:30:41.359747,ElderHomeSunshineApp,user329@example.com,200,422.6,
2025-07-27T14:08:20.359747,ElderHomeSunshineApp,user330@example.com,404,1717.3,Not Found
2025-07-27T20:22:02.359747,ElderHomeSunshineApp,user331@example.com,400,646.02,Bad Request
2025-07-27T23:01:23.359747,ElderHomeSunshineApp,user332@example.com,503,1514.57,Service Unavailable
2025-07-27T13:04:35.359747,ElderHomeSunshineApp,user333@example.com,201,1801.36,
2025-07-27T14:48:11.359747,ElderHomeSunshineApp,user334@example.com,201,344.83,
2025-07-27T07:10:52.359747,ElderHomeSunshineApp,user335@example.com,400,1661.63,Bad Request
2025-07-27T23:35:28.359747,ElderHomeSunshineApp,user336@example.com,400,1591.51,Bad Request
2025-07-28T02:32:44.359747,ElderHomeSunshineApp,user337@example.com,404,369.71,Not Found
2025-07-28T01:59:56.359747,ElderHomeSunshineApp,user338@example.com,401,1433.55,Unauthorized
2025-07-27T06:35:10.359747,ElderHomeSunshineApp,user339@example.com,502,1634.33,Bad Gateway
2025-07-27T09:02:35.359747,ElderHomeSunshineApp,user340@example.com,503,491.38,Service Unavailable
2025-07-27T23:53:14.359747,ElderHomeSunshineApp,user341@example.com,500,1616.16,Internal Server Error
2025-07-27T02:47:18.359747,ElderHomeSunshineApp,user342@example.com,401,989.54,Unauthorized
2025-07-27T11:01:46.359747,ElderHomeSunshineApp,user343@example.com,400,654.66,Bad Request
2025-07-27T08:24:13.359747,ElderHomeSunshineApp,user344@example.com,400,1006.95,Bad Request
2025-07-27T20:54:52.359747,ElderHomeSunshineApp,user345@example.com,400,793.64,Bad Request
2025-07-27T10:01:40.359747,ElderHomeSunshineApp,user346@example.com,500,786.55,Internal Server Error
2025-07-27T20:25:16.359747,ElderHomeSunshineApp,user347@example.com,403,516.6,Forbidden
2025-07-27T01:34:44.359747,ElderHomeSunshineApp,user348@example.com,201,175.97,
2025-07-27T01:56:37.359747,ElderHomeSunshineApp,user349@example.com,404,1925.99,Not Found
2025-07-27T12:35:53.359747,ElderHomeSunshineApp,user350@example.com,500,1867.43,Internal Server Error
2025-07-27T10:53:02.359747,ElderHomeSunshineApp,user351@example.com,503,1507.39,Service Unavailable
2025-07-27T14:05:26.359747,ElderHomeSunshineApp,user352@example.com,403,834.76,Forbidden
2025-07-27T16:03:58.359747,ElderHomeSunshineApp,user353@example.com,502,1514.11,Bad Gateway
2025-07-27T23:40:22.359747,ElderHomeSunshineApp,user354@example.com,200,950.71,
2025-07-27T18:53:49.359747,ElderHomeSunshineApp,user355@example.com,201,749.24,
2025-07-27T04:58:32.359747,ElderHomeSunshineApp,user356@example.com,503,574.79,Service Unavailable
2025-07-28T01:02:37.359747,ElderHomeSunshineApp,user357@example.com,201,551.96,
2025-07-27T19:14:35.359747,ElderHomeSunshineApp,user358@example.com,201,1407.84,
2025-07-28T02:12:09.359747,ElderHomeSunshineApp,user359@example.com,201,1947.34,
2025-07-27T06:00:44.359747,ElderHomeSunshineApp,user360@example.com,503,907.72,Service Unavailable
2025-07-27T19:23:31.359747,ElderHomeSunshineApp,user361@example.com,502,782.01,Bad Gateway
2025-07-27T16:42:01.359747,ElderHomeSunshineApp,user362@example.com,500,1940.89,Internal Server Error
2025-07-27T03:45:38.359747,ElderHomeSunshineApp,user363@example.com,403,1158.94,Forbidden
2025-07-27T16:41:57.359747,ElderHomeSunshineApp,user364@example.com,403,1948.07,Forbidden
2025-07-27T09:46:58.359747,ElderHomeSunshineApp,user365@example.com,500,1347.08,Internal Server Error
2025-07-27T08:35:25.359747,ElderHomeSunshineApp,user366@example.com,403,160.37,Forbidden
2025-07-28T01:39:26.359747,ElderHomeSunshineApp,user367@example.com,200,1643.01,
2025-07-27T23:08:31.359747,BlueBellsIncApp,user368@example.com,201,418.06,
2025-07-27T08:03:06.359747,BlueBellsIncApp,user369@example.com,201,1079.64,
2025-07-28T03:07:31.359747,BlueBellsIncApp,user370@example.com,503,1392.05,Service Unavailable
2025-07-27T17:42:50.359747,BlueBellsIncApp,user371@example.com,200,703.56,
2025-07-27T18:35:07.359747,BlueBellsIncApp,user372@example.com,200,1846.74,
2025-07-27T21:35:01.359747,BlueBellsIncApp,user373@example.com,201,1544.81,
2025-07-27T10:04:51.359747,BlueBellsIncApp,user374@example.com,201,1718.63,
2025-07-27T17:14:42.359747,BlueBellsIncApp,user375@example.com,401,1270.96,Unauthorized
2025-07-27T12:03:09.359747,BlueBellsIncApp,user376@example.com,401,100.61,Unauthorized
2025-07-27T05:29:50.359747,BlueBellsIncApp,user377@example.com,503,1879.28,Service Unavailable
2025-07-27T01:20:39.359747,BlueBellsIncApp,user378@example.com,403,184.35,Forbidden
2025-07-27T11:00:04.359747,BlueBellsIncApp,user379@example.com,503,698.78,Service Unavailable
2025-07-27T06:57:00.359747,BlueBellsIncApp,user380@example.com,401,1737.77,Unauthorized
2025-07-27T15:02:25.359747,BlueBellsIncApp,user381@example.com,200,982.12,
2025-07-27T17:36:27.359747,BlueBellsIncApp,user382@example.com,200,546.49,
2025-07-27T20:00:14.359747,BlueBellsIncApp,user383@example.com,201,273.59,
2025-07-27T05:53:14.359747,BlueBellsIncApp,user384@example.com,403,1510.68,Forbidden
2025-07-27T22:49:32.359747,BlueBellsIncApp,user385@example.com,500,875.34,Internal Server Error
2025-07-28T02:43:05.359747,BlueBellsIncApp,user386@example.com,502,1949.71,Bad Gateway
2025-07-27T12:01:40.359747,BlueBellsIncApp,user387@example.com,502,1099.18,Bad Gateway
2025-07-27T09:40:33.359747,BlueBellsIncApp,user388@example.com,201,1027.14,
2025-07-28T03:49:35.359747,BlueBellsIncApp,user389@example.com,502,1784.9,Bad Gateway
2025-07-28T00:48:41.359747,BlueBellsIncApp,user390@example.com,502,1716.25,Bad Gateway
2025-07-27T07:15:28.359747,BlueBellsIncApp,user391@example.com,502,464.55,Bad Gateway
2025-07-27T12:05:42.359747,BlueBellsIncApp,user392@example.com,201,1198.53,
2025-07-27T05:06:37.359747,BlueBellsIncApp,user393@example.com,404,1338.74,Not Found
2025-07-27T01:51:34.359747,BlueBellsIncApp,user394@example.com,401,28,Unauthorized
2025-07-27T08:33:01.359747,BlueBellsIncApp,user395@example.com,502,471.28,Bad Gateway
2025-07-28T02:53:52.359747,BlueBellsIncApp,user396@example.com,200,1966.72,
2025-07-27T12:44:27.359747,BlueBellsIncApp,user397@example.com,404,189.69,Not Found
2025-07-27T22:03:03.359747,BlueBellsIncApp,user398@example.com,201,1590.31,
2025-07-27T17:09:59.359747,BlueBellsIncApp,user399@example.com,201,809.14,
2025-07-27T01:42:41.359747,BlueBellsIncApp,user400@example.com,200,1374.86,
2025-07-27T15:56:23.359747,BlueBellsIncApp,user401@example.com,200,1852.89,
2025-07-28T03:59:56.359747,BlueBellsIncApp,user402@example.com,502,730.4,Bad Gateway
2025-07-27T16:18:50.359747,BlueBellsIncApp,user403@example.com,404,795.93,Not Found
2025-07-27T02:20:46.359747,BlueBellsIncApp,user404@example.com,400,909.82,Bad Request
2025-07-27T03:22:29.359747,BlueBellsIncApp,user405@example.com,200,450.59,
2025-07-27T10:13:00.359747,BlueBellsIncApp,user406@example.com,401,1831.48,Unauthorized
2025-07-27T16:45:37.359747,BlueBellsIncApp,user407@example.com,401,791.14,Unauthorized
2025-07-27T17:47:38.359747,BlueBellsIncApp,user408@example.com,502,1060.74,Bad Gateway
2025-07-27T11:33:44.359747,BlueBellsIncApp,user409@example.com,401,964.38,Unauthorized
2025-07-28T03:06:10.359747,BlueBellsIncApp,user410@example.com,401,567.17,Unauthorized
2025-07-27T22:32:56.359747,BlueBellsIncApp,user411@example.com,502,352.91,Bad Gateway
2025-07-27T14:58:32.359747,BlueBellsIncApp,user412@example.com,201,880,
2025-07-27T11:25:50.359747,BlueBellsIncApp,user413@example.com,403,1528.31,Forbidden
2025-07-27T06:32:58.359747,BlueBellsIncApp,user414@example.com,401,383.72,Unauthorized
2025-07-27T18:12:39.359747,BlueBellsIncApp,user415@example.com,201,453.56,
2025-07-27T03:59:06.359747,BlueBellsIncApp,user416@example.com,201,674.05,
2025-07-27T20:29:39.359747,BlueBellsIncApp,user417@example.com,500,80.17,Internal Server Error
2025-07-27T18:41:50.359747,BlueBellsIncApp,user418@example.com,401,1821.14,Unauthorized
2025-07-27T03:38:24.359747,BlueBellsIncApp,user419@example.com,404,1731.96,Not Found
2025-07-27T02:33:26.359747,BlueBellsIncApp,user420@example.com,401,931.49,Unauthorized
2025-07-27T06:21:04.359747,BlueBellsIncApp,user421@example.com,502,1799.93,Bad Gateway
2025-07-27T11:44:54.359747,BlueBellsIncApp,user422@example.com,401,1046.04,Unauthorized
2025-07-27T06:44:52.359747,BlueBellsIncApp,user423@example.com,403,1426.29,Forbidden
2025-07-28T00:38:05.359747,BlueBellsIncApp,user424@example.com,404,564.24,Not Found
2025-07-27T08:07:38.359747,BlueBellsIncApp,user425@example.com,503,1042.75,Service Unavailable
2025-07-28T01:05:37.359747,BlueBellsIncApp,user426@example.com,400,255.83,Bad Request
2025-07-27T09:53:48.359747,BlueBellsIncApp,user427@example.com,404,517.21,Not Found
2025-07-27T14:39:35.359747,BlueBellsIncApp,user428@example.com,400,1022.91,Bad Request
2025-07-27T14:11:55.359747,BlueBellsIncApp,user429@example.com,403,1352.05,Forbidden
2025-07-27T16:54:31.359747,BlueBellsIncApp,user430@example.com,500,1507.83,Internal Server Error
2025-07-28T02:40:17.359747,BlueBellsIncApp,user431@example.com,201,1707.68,
2025-07-27T01:24:28.359747,BlueBellsIncApp,user432@example.com,503,1956.46,Service Unavailable
2025-07-27T20:34:07.359747,BlueBellsIncApp,user433@example.com,503,1436.14,Service Unavailable
2025-07-27T22:19:30.359747,BlueBellsIncApp,user434@example.com,401,687.04,Unauthorized
2025-07-27T09:12:42.359747,BlueBellsIncApp,user435@example.com,503,1849.7,Service Unavailable
2025-07-28T04:59:04.359747,BlueBellsIncApp,user436@example.com,503,629.05,Service Unavailable
2025-07-27T09:43:21.359747,BlueBellsIncApp,user437@example.com,400,642.56,Bad Request
2025-07-28T03:08:00.359747,BlueBellsIncApp,user438@example.com,404,1025.03,Not Found
2025-07-27T23:58:43.359747,BlueBellsIncApp,user439@example.com,400,614.74,Bad Request
2025-07-27T01:50:48.359747,BlueBellsIncApp,user440@example.com,403,1145.13,Forbidden
2025-07-27T11:26:42.359747,BlueBellsIncApp,user441@example.com,503,1656.29,Service Unavailable
2025-07-28T02:48:57.359747,BlueBellsIncApp,user442@example.com,502,566.21,Bad Gateway
2025-07-27T07:18:27.359747,BlueBellsIncApp,user443@example.com,403,1259.85,Forbidden
2025-07-28T03:48:24.359747,BlueBellsIncApp,user444@example.com,404,321.61,Not Found
2025-07-27T18:22:45.359747,BlueBellsIncApp,user445@example.com,503,968.28,Service Unavailable
2025-07-27T07:24:59.359747,BlueBellsIncApp,user446@example.com,201,1820.07,
2025-07-27T14:38:28.359747,BlueBellsIncApp,user447@example.com,201,772.19,
2025-07-27T06:28:00.359747,BlueBellsIncApp,user448@example.com,502,1218.96,Bad Gateway
2025-07-27T03:14:13.359747,BlueBellsIncApp,user449@example.com,502,1538.86,Bad Gateway
2025-07-27T15:30:34.359747,BlueBellsIncApp,user450@example.com,400,604.96,Bad Request
2025-07-27T22:01:37.359747,BlueBellsIncApp,user451@example.com,500,930.52,Internal Server Error
2025-07-27T10:59:10.359747,BlueBellsIncApp,user452@example.com,403,849.42,Forbidden
2025-07-27T18:38:46.359747,BlueBellsIncApp,user453@example.com,201,1758.8,
2025-07-27T22:03:18.359747,BlueBellsIncApp,user454@example.com,400,31,Bad Request
2025-07-27T15:42:13.359747,BlueBellsIncApp,user455@example.com,503,372.64,Service Unavailable
2025-07-27T06:54:44.359747,BlueBellsIncApp,user456@example.com,502,517.88,Bad Gateway
2025-07-27T04:18:47.359747,BlueBellsIncApp,user457@example.com,502,1955.42,Bad Gateway
2025-07-27T22:13:21.359747,BlueBellsIncApp,user458@example.com,503,1181.52,Service Unavailable
2025-07-27T15:32:25.359747,BlueBellsIncApp,user459@example.com,400,491.04,Bad Request
2025-07-27T22:05:13.359747,BlueBellsIncApp,user460@example.com,400,1747.68,Bad Request
2025-07-27T04:22:06.359747,BlueBellsIncApp,user461@example.com,404,1085.23,Not Found
2025-07-28T02:39:17.359747,BlueBellsIncApp,user462@example.com,400,1730.56,Bad Request
2025-07-27T10:34:13.359747,BlueBellsIncApp,user463@example.com,404,1726.54,Not Found
2025-07-28T00:00:55.359747,BlueBellsIncApp,user464@example.com,400,1740.46,Bad Request
2025-07-27T04:36:03.359747,BlueBellsIncApp,user465@example.com,500,1004.33,Internal Server Error
2025-07-27T13:29:52.359747,BlueBellsIncApp,user466@example.com,502,1445.57,Bad Gateway
2025-07-28T02:45:43.359747,BlueBellsIncApp,user467@example.com,400,1281.82,Bad Request
2025-07-27T19:51:24.359747,BlueBellsIncApp,user468@example.com,404,247.01,Not Found
2025-07-28T03:22:07.359747,BlueBellsIncApp,user469@example.com,500,1305.52,Internal Server Error
2025-07-27T08:03:39.359747,BlueBellsIncApp,user470@example.com,403,64,Forbidden
2025-07-27T07:20:09.359747,BlueBellsIncApp,user471@example.com,503,342.5,Service Unavailable
2025-07-27T04:26:39.359747,BlueBellsIncApp,user472@example.com,503,1627.66,Service Unavailable
2025-07-27T14:07:05.359747,BlueBellsIncApp,user473@example.com,503,478.56,Service Unavailable
2025-07-27T17:08:33.359747,BlueBellsIncApp,user474@example.com,404,1731.92,Not Found
2025-07-28T02:56:40.359747,BlueBellsIncApp,user475@example.com,502,511.51,Bad Gateway
2025-07-27T04:01:27.359747,BlueBellsIncApp,user476@example.com,404,482.01,Not Found
2025-07-28T00:57:24.359747,BlueBellsIncApp,user477@example.com,400,537.21,Bad Request
2025-07-27T15:16:20.359747,BlueBellsIncApp,user478@example.com,401,1447.65,Unauthorized
2025-07-27T05:56:41.359747,BlueBellsIncApp,user479@example.com,403,1104.61,Forbidden
2025-07-27T12:37:37.359747,BlueBellsIncApp,user480@example.com,201,730.87,
2025-07-27T04:57:48.359747,BlueBellsIncApp,user481@example.com,403,1485.95,Forbidden
2025-07-28T04:32:17.359747,BlueBellsIncApp,user482@example.com,502,1899.89,Bad Gateway
2025-07-27T23:59:45.359747,BlueBellsIncApp,user483@example.com,401,111.35,Unauthorized
2025-07-27T23:36:40.359747,CornellPaApp,user484@example.com,200,1531.25,
2025-07-28T00:44:47.359747,CornellPaApp,user485@example.com,404,940.55,Not Found
2025-07-27T01:36:34.359747,CornellPaApp,user486@example.com,400,1435.5,Bad Request
2025-07-27T15:14:34.359747,CornellPaApp,user487@example.com,400,495.69,Bad Request
2025-07-28T00:45:08.359747,CornellPaApp,user488@example.com,201,1897.66,
2025-07-27T16:08:02.359747,CornellPaApp,user489@example.com,200,1354.85,
2025-07-27T08:05:40.359747,CornellPaApp,user490@example.com,500,1238.52,Internal Server Error
2025-07-27T11:16:52.359747,CornellPaApp,user491@example.com,503,931.56,Service Unavailable
2025-07-27T05:29:02.359747,CornellPaApp,user492@example.com,502,1202.37,Bad Gateway
2025-07-28T04:48:18.359747,CornellPaApp,user493@example.com,502,1368.75,Bad Gateway
2025-07-27T09:11:05.359747,CornellPaApp,user494@example.com,502,1514.08,Bad Gateway
2025-07-28T02:57:48.359747,CornellPaApp,user495@example.com,201,1329.51,
2025-07-27T04:20:08.359747,CornellPaApp,user496@example.com,200,423.32,
2025-07-27T16:51:45.359747,CornellPaApp,user497@example.com,502,697.68,Bad Gateway
2025-07-27T19:53:16.359747,CornellPaApp,user498@example.com,500,859.72,Internal Server Error
2025-07-27T19:29:20.359747,CornellPaApp,user499@example.com,500,1000.79,Internal Server Error
2025-07-27T15:07:30.359747,CornellPaApp,user500@example.com,401,775.14,Unauthorized
2025-07-27T08:38:26.359747,CornellPaApp,user501@example.com,200,620.3,
2025-07-27T11:50:18.359747,CornellPaApp,user502@example.com,400,477.74,Bad Request
2025-07-27T04:25:20.359747,CornellPaApp,user503@example.com,500,1725.23,Internal Server Error
2025-07-27T10:09:16.359747,CornellPaApp,user504@example.com,201,562.34,
2025-07-27T07:46:45.359747,CornellPaApp,user505@example.com,404,1219.83,Not Found
2025-07-27T22:46:02.359747,CornellPaApp,user506@example.com,401,682.31,Unauthorized
2025-07-27T11:50:49.359747,CornellPaApp,user507@example.com,400,1621.99,Bad Request
2025-07-27T08:12:45.359747,CornellPaApp,user508@example.com,403,1889.96,Forbidden
2025-07-27T11:47:38.359747,CornellPaApp,user509@example.com,400,877.25,Bad Request
2025-07-27T20:54:29.359747,CornellPaApp,user510@example.com,401,112.1,Unauthorized
2025-07-27T04:42:43.359747,CornellPaApp,user511@example.com,502,1783.15,Bad Gateway
2025-07-28T00:49:47.359747,CornellPaApp,user512@example.com,503,1527.33,Service Unavailable
2025-07-27T14:10:45.359747,CornellPaApp,user513@example.com,502,657.87,Bad Gateway
2025-07-28T04:46:16.359747,CornellPaApp,user514@example.com,502,661.94,Bad Gateway
2025-07-27T04:35:23.359747,CornellPaApp,user515@example.com,403,702.12,Forbidden
2025-07-28T02:45:35.359747,CornellPaApp,user516@example.com,201,1336.64,
2025-07-27T01:19:25.359747,CornellPaApp,user517@example.com,500,1057.59,Internal Server Error
2025-07-27T13:57:16.359747,CornellPaApp,user518@example.com,200,61.69,
2025-07-28T03:11:59.359747,CornellPaApp,user519@example.com,201,1507.39,
2025-07-27T07:59:38.359747,CornellPaApp,user520@example.com,401,176.68,Unauthorized
2025-07-27T22:16:39.359747,CornellPaApp,user521@example.com,503,840.56,Service Unavailable
2025-07-27T05:39:20.359747,CornellPaApp,user522@example.com,200,1577.59,
2025-07-27T13:44:43.359747,CornellPaApp,user523@example.com,201,676.49,
2025-07-27T22:21:39.359747,CornellPaApp,user524@example.com,200,360.85,
2025-07-27T03:35:13.359747,CornellPaApp,user525@example.com,403,33.69,Forbidden
2025-07-28T03:23:09.359747,CornellPaApp,user526@example.com,401,1386.39,Unauthorized
2025-07-27T07:55:37.359747,CornellPaApp,user527@example.com,200,736.5,
2025-07-27T22:33:00.359747,CornellPaApp,user528@example.com,401,437.48,Unauthorized
2025-07-27T11:28:00.359747,CornellPaApp,user529@example.com,201,639.09,
2025-07-27T07:33:30.359747,CornellPaApp,user530@example.com,500,668.83,Internal Server Error
2025-07-27T01:59:08.359747,CornellPaApp,user531@example.com,201,535.03,
2025-07-27T13:57:45.359747,CornellPaApp,user532@example.com,503,1107.18,Service Unavailable
2025-07-27T22:01:32.359747,CornellPaApp,user533@example.com,403,1467.39,Forbidden
2025-07-27T19:09:54.359747,CornellPaApp,user534@example.com,404,1221.25,Not Found
2025-07-28T00:27:20.359747,CornellPaApp,user535@example.com,401,673.56,Unauthorized
2025-07-28T04:58:43.359747,CornellPaApp,user536@example.com,200,1657.78,
2025-07-27T13:05:29.359747,CornellPaApp,user537@example.com,200,721.44,
2025-07-28T04:34:11.359747,CornellPaApp,user538@example.com,201,239.81,
2025-07-27T13:58:07.359747,CornellPaApp,user539@example.com,400,1757.42,Bad Request
2025-07-27T02:29:02.359747,CornellPaApp,user540@example.com,403,1266.29,Forbidden
2025-07-28T01:47:14.359747,CornellPaApp,user541@example.com,404,345.47,Not Found
2025-07-27T04:40:11.359747,CornellPaApp,user542@example.com,500,1050.86,Internal Server Error
2025-07-27T04:37:16.359747,CornellPaApp,user543@example.com,500,1685.68,Internal Server Error
2025-07-27T06:30:33.359747,CornellPaApp,user544@example.com,401,382.53,Unauthorized
2025-07-27T22:10:00.359747,CornellPaApp,user545@example.com,503,1876.18,Service Unavailable
2025-07-27T23:12:28.359747,CornellPaApp,user546@example.com,201,777.39,
2025-07-27T13:08:09.359747,CornellPaApp,user547@example.com,500,1338.68,Internal Server Error
2025-07-27T07:59:08.359747,CornellPaApp,user548@example.com,502,1409.89,Bad Gateway
2025-07-27T05:06:44.359747,CornellPaApp,user549@example.com,201,657.5,
2025-07-27T05:48:26.359747,CornellPaApp,user550@example.com,503,1111.94,Service Unavailable
2025-07-27T02:38:56.359747,CornellPaApp,user551@example.com,201,1366.48,
2025-07-27T15:22:55.359747,CornellPaApp,user552@example.com,500,1254.54,Internal Server Error
2025-07-27T06:38:33.359747,CornellPaApp,user553@example.com,200,1733.78,
2025-07-27T19:54:03.359747,CornellPaApp,user554@example.com,404,1990.26,Not Found
2025-07-27T14:44:17.359747,CornellPaApp,user555@example.com,400,464.91,Bad Request
2025-07-27T20:56:36.359747,CornellPaApp,user556@example.com,403,349.14,Forbidden
2025-07-27T02:26:01.359747,CornellPaApp,user557@example.com,503,729.67,Service Unavailable
2025-07-27T21:24:16.359747,CornellPaApp,user558@example.com,404,105.18,Not Found
2025-07-27T19:49:50.359747,CornellPaApp,user559@example.com,400,1642.53,Bad Request
2025-07-27T21:25:25.359747,CornellPaApp,user560@example.com,404,803.47,Not Found
2025-07-27T04:23:02.359747,CornellPaApp,user561@example.com,500,787.89,Internal Server Error
2025-07-27T10:43:57.359747,CornellPaApp,user562@example.com,404,1933.37,Not Found
2025-07-27T04:28:16.359747,CornellPaApp,user563@example.com,500,1385.43,Internal Server Error
2025-07-27T13:47:14.359747,CornellPaApp,user564@example.com,502,994.08,Bad Gateway
2025-07-27T17:51:09.359747,CornellPaApp,user565@example.com,502,1912.31,Bad Gateway
2025-07-27T03:51:56.359747,CornellPaApp,user566@example.com,503,809.47,Service Unavailable
2025-07-28T05:01:53.359747,CornellPaApp,user567@example.com,503,1294.19,Service Unavailable
2025-07-27T22:56:32.359747,CornellPaApp,user568@example.com,403,1857.38,Forbidden
2025-07-27T04:09:45.359747,CornellPaApp,user569@example.com,502,631.63,Bad Gateway
2025-07-28T03:43:19.359747,CornellPaApp,user570@example.com,201,632.72,
2025-07-27T08:26:06.359747,CornellPaApp,user571@example.com,403,88.09,Forbidden
2025-07-27T02:10:41.359747,CornellPaApp,user572@example.com,201,1629.4,
2025-07-27T03:23:38.359747,CornellPaApp,user573@example.com,404,157.64,Not Found
2025-07-27T18:00:38.359747,CornellPaApp,user574@example.com,500,597.99,Internal Server Error
2025-07-27T16:11:32.359747,CornellPaApp,user575@example.com,400,794.66,Bad Request
2025-07-27T21:05:26.359747,CornellPaApp,user576@example.com,200,1972.19,
2025-07-27T15:47:02.359747,CornellPaApp,user577@example.com,201,612.95,
2025-07-28T04:14:13.359747,CornellPaApp,user578@example.com,200,978.65,
2025-07-28T01:03:49.359747,CornellPaApp,user579@example.com,403,1283.96,Forbidden
2025-07-27T23:56:09.359747,CornellPaApp,user580@example.com,503,1812.52,Service Unavailable
2025-07-27T06:07:33.359747,CornellPaApp,user581@example.com,503,306.18,Service Unavailable
2025-07-27T01:31:14.359747,HatheringWayApp,user582@example.com,502,429.06,Bad Gateway
2025-07-27T17:48:26.359747,HatheringWayApp,user583@example.com,200,518.37,
2025-07-28T01:20:35.359747,HatheringWayApp,user584@example.com,201,1054.58,
2025-07-28T01:35:54.359747,HatheringWayApp,user585@example.com,404,243.35,Not Found
2025-07-27T10:50:49.359747,HatheringWayApp,user586@example.com,401,1954.39,Unauthorized
2025-07-27T11:50:25.359747,HatheringWayApp,user587@example.com,400,390.72,Bad Request
2025-07-27T08:45:33.359747,HatheringWayApp,user588@example.com,201,1798.19,
2025-07-27T04:19:44.359747,HatheringWayApp,user589@example.com,500,279.54,Internal Server Error
2025-07-28T01:09:46.359747,HatheringWayApp,user590@example.com,201,1158.25,
2025-07-27T14:37:49.359747,HatheringWayApp,user591@example.com,404,1608.31,Not Found
2025-07-28T03:49:38.359747,HatheringWayApp,user592@example.com,500,1643.12,Internal Server Error
2025-07-27T06:13:38.359747,HatheringWayApp,user593@example.com,403,1291.85,Forbidden
2025-07-27T10:17:44.359747,HatheringWayApp,user594@example.com,502,1700.08,Bad Gateway
2025-07-27T14:36:01.359747,HatheringWayApp,user595@example.com,200,338.84,
2025-07-27T18:04:08.359747,HatheringWayApp,user596@example.com,404,1842.73,Not Found
2025-07-28T03:56:55.359747,HatheringWayApp,user597@example.com,500,736.87,Internal Server Error
2025-07-27T13:52:07.359747,HatheringWayApp,user598@example.com,500,1770.71,Internal Server Error
2025-07-27T04:59:57.359747,HatheringWayApp,user599@example.com,201,184.47,
2025-07-27T01:22:17.359747,HatheringWayApp,user600@example.com,401,135.14,Unauthorized
2025-07-27T19:50:33.359747,HatheringWayApp,user601@example.com,500,665.3,Internal Server Error
2025-07-27T14:41:42.359747,HatheringWayApp,user602@example.com,201,1201.24,
2025-07-27T06:15:46.359747,HatheringWayApp,user603@example.com,404,960.1,Not Found
2025-07-28T04:54:06.359747,HatheringWayApp,user604@example.com,503,1121.17,Service Unavailable
2025-07-27T05:29:05.359747,HatheringWayApp,user605@example.com,200,1511.8,
2025-07-27T15:47:20.359747,HatheringWayApp,user606@example.com,201,1765.24,
2025-07-27T16:55:04.359747,HatheringWayApp,user607@example.com,403,612.97,Forbidden
2025-07-27T23:32:34.359747,HatheringWayApp,user608@example.com,201,1131.3,
2025-07-28T03:14:31.359747,HatheringWayApp,user609@example.com,401,442.53,Unauthorized
2025-07-28T05:01:02.359747,HatheringWayApp,user610@example.com,400,922.52,Bad Request
2025-07-28T00:00:23.359747,HatheringWayApp,user611@example.com,403,1348.2,Forbidden
2025-07-27T13:30:22.359747,HatheringWayApp,user612@example.com,503,1860.03,Service Unavailable
2025-07-27T10:27:10.359747,HatheringWayApp,user613@example.com,400,1916.8,Bad Request
2025-07-28T01:42:15.359747,HatheringWayApp,user614@example.com,500,234.45,Internal Server Error
2025-07-27T14:09:35.359747,HatheringWayApp,user615@example.com,503,188.21,Service Unavailable
2025-07-27T17:29:39.359747,HatheringWayApp,user616@example.com,200,1830.52,
2025-07-27T19:32:41.359747,HatheringWayApp,user617@example.com,502,1630.31,Bad Gateway
2025-07-27T01:24:17.359747,HatheringWayApp,user618@example.com,400,264.03,Bad Request
2025-07-27T07:32:38.359747,HatheringWayApp,user619@example.com,201,89.43,
2025-07-27T04:14:51.359747,HatheringWayApp,user620@example.com,503,1451.11,Service Unavailable
2025-07-27T14:42:13.359747,HatheringWayApp,user621@example.com,200,959.04,
2025-07-27T16:50:53.359747,HatheringWayApp,user622@example.com,503,586.22,Service Unavailable
2025-07-27T19:37:50.359747,HatheringWayApp,user623@example.com,502,323.02,Bad Gateway
2025-07-28T04:49:01.359747,HatheringWayApp,user624@example.com,401,439.14,Unauthorized
2025-07-28T04:48:42.359747,HatheringWayApp,user625@example.com,502,1761.11,Bad Gateway
2025-07-27T13:33:21.359747,HatheringWayApp,user626@example.com,503,309.1,Service Unavailable
2025-07-27T11:27:09.359747,HatheringWayApp,user627@example.com,503,433.94,Service Unavailable
2025-07-28T02:50:10.359747,HatheringWayApp,user628@example.com,201,1334.25,
2025-07-27T13:47:50.359747,HatheringWayApp,user629@example.com,401,1625,Unauthorized
2025-07-27T13:05:54.359747,HatheringWayApp,user630@example.com,503,1803.74,Service Unavailable
2025-07-27T10:43:15.359747,HatheringWayApp,user631@example.com,201,1180.43,
2025-07-28T00:15:42.359747,HatheringWayApp,user632@example.com,201,1720.85,
2025-07-27T04:46:55.359747,HatheringWayApp,user633@example.com,400,862.79,Bad Request
2025-07-27T07:27:41.359747,HatheringWayApp,user634@example.com,201,408.02,
2025-07-27T19:37:25.359747,HatheringWayApp,user635@example.com,201,1811.07,
2025-07-27T23:14:14.359747,HatheringWayApp,user636@example.com,503,1191.99,Service Unavailable
2025-07-27T19:35:34.359747,HatheringWayApp,user637@example.com,403,420.58,Forbidden
2025-07-27T17:24:24.359747,HatheringWayApp,user638@example.com,502,241.76,Bad Gateway
2025-07-27T08:19:29.359747,HatheringWayApp,user639@example.com,403,1698.39,Forbidden
2025-07-27T08:43:16.359747,HatheringWayApp,user640@example.com,503,984.43,Service Unavailable
2025-07-27T14:12:27.359747,HatheringWayApp,user641@example.com,403,303.87,Forbidden
2025-07-28T02:13:19.359747,HatheringWayApp,user642@example.com,500,745.46,Internal Server Error
2025-07-27T08:39:37.359747,HatheringWayApp,user643@example.com,403,1547.31,Forbidden
2025-07-27T05:39:56.359747,HatheringWayApp,user644@example.com,400,1650.71,Bad Request
2025-07-27T09:25:53.359747,HatheringWayApp,user645@example.com,401,992.32,Unauthorized
2025-07-27T12:33:12.359747,HatheringWayApp,user646@example.com,404,1277.35,Not Found
2025-07-27T02:52:21.359747,HatheringWayApp,user647@example.com,502,548.79,Bad Gateway
2025-07-28T02:43:03.359747,HatheringWayApp,user648@example.com,502,1557.25,Bad Gateway
2025-07-27T12:36:52.359747,HatheringWayApp,user649@example.com,502,303.9,Bad Gateway
2025-07-27T16:30:45.359747,HatheringWayApp,user650@example.com,401,1050.26,Unauthorized
2025-07-27T17:55:47.359747,HatheringWayApp,user651@example.com,502,999.81,Bad Gateway
2025-07-27T20:10:04.359747,HatheringWayApp,user652@example.com,201,163.12,
2025-07-27T22:50:59.359747,HatheringWayApp,user653@example.com,200,89.71,
2025-07-28T01:16:07.359747,HatheringWayApp,user654@example.com,500,1754.76,Internal Server Error
2025-07-27T19:10:40.359747,HatheringWayApp,user655@example.com,200,1101.08,
2025-07-27T06:14:04.359747,HatheringWayApp,user656@example.com,503,310.17,Service Unavailable
2025-07-28T04:43:44.359747,HatheringWayApp,user657@example.com,503,1218.69,Service Unavailable
2025-07-27T13:37:09.359747,HatheringWayApp,user658@example.com,201,1323.74,
2025-07-27T14:12:28.359747,HatheringWayApp,user659@example.com,201,513.9,
2025-07-27T02:55:18.359747,HatheringWayApp,user660@example.com,401,1611.29,Unauthorized
2025-07-27T09:26:51.359747,HatheringWayApp,user661@example.com,503,127.87,Service Unavailable
2025-07-27T06:54:33.359747,HatheringWayApp,user662@example.com,500,1066.87,Internal Server Error
2025-07-27T12:44:46.359747,HatheringWayApp,user663@example.com,401,1275.14,Unauthorized
2025-07-27T17:34:55.359747,HatheringWayApp,user664@example.com,201,653.26,
2025-07-27T02:28:53.359747,HatheringWayApp,user665@example.com,200,1184.84,
2025-07-27T05:20:22.359747,HatheringWayApp,user666@example.com,401,1358.31,Unauthorized
2025-07-27T15:50:02.359747,HatheringWayApp,user667@example.com,403,908.25,Forbidden
2025-07-27T21:54:50.359747,HatheringWayApp,user668@example.com,500,1761.92,Internal Server Error
2025-07-27T02:54:20.359747,HatheringWayApp,user669@example.com,500,298.64,Internal Server Error
2025-07-27T16:12:22.359747,HatheringWayApp,user670@example.com,400,1946.82,Bad Request
2025-07-27T06:13:03.359747,Kindergarden App,user671@example.com,404,120.96,Not Found
2025-07-27T11:05:59.359747,Kindergarden App,user672@example.com,200,1914.11,
2025-07-27T13:55:15.359747,Kindergarden App,user673@example.com,403,1913.7,Forbidden
2025-07-27T11:35:08.359747,Kindergarden App,user674@example.com,401,1148.6,Unauthorized
2025-07-27T18:15:40.359747,Kindergarden App,user675@example.com,500,31.4,Internal Server Error
2025-07-27T19:48:40.359747,Kindergarden App,user676@example.com,503,1441.21,Service Unavailable
2025-07-27T20:01:34.359747,Kindergarden App,user677@example.com,403,1148.16,Forbidden
2025-07-27T14:36:49.359747,Kindergarden App,user678@example.com,404,1677.28,Not Found
2025-07-27T23:31:08.359747,Kindergarden App,user679@example.com,503,1070.5,Service Unavailable
2025-07-27T11:58:29.359747,Kindergarden App,user680@example.com,500,1988.82,Internal Server Error
2025-07-27T17:26:30.359747,Kindergarden App,user681@example.com,401,565.27,Unauthorized
2025-07-27T01:49:44.359747,Kindergarden App,user682@example.com,401,1447.22,Unauthorized
2025-07-27T22:13:18.359747,Kindergarden App,user683@example.com,200,423.43,
2025-07-27T18:17:18.359747,Kindergarden App,user684@example.com,403,267.47,Forbidden
2025-07-27T21:57:51.359747,Kindergarden App,user685@example.com,401,663.93,Unauthorized
2025-07-27T04:15:38.359747,Kindergarden App,user686@example.com,404,610.35,Not Found
2025-07-27T21:16:34.359747,Kindergarden App,user687@example.com,404,1333.45,Not Found
2025-07-27T23:22:43.359747,Kindergarden App,user688@example.com,401,950.16,Unauthorized
2025-07-28T01:53:59.359747,Kindergarden App,user689@example.com,200,44.32,
2025-07-27T19:23:37.359747,Kindergarden App,user690@example.com,400,737.27,Bad Request
2025-07-27T04:24:08.359747,Kindergarden App,user691@example.com,201,1603.34,
2025-07-27T03:45:12.359747,Kindergarden App,user692@example.com,503,936.21,Service Unavailable
2025-07-28T02:10:01.359747,Kindergarden App,user693@example.com,200,664.07,
2025-07-27T07:55:32.359747,Kindergarden App,user694@example.com,502,272.76,Bad Gateway
2025-07-27T16:43:55.359747,Kindergarden App,user695@example.com,400,1494.56,Bad Request
2025-07-27T05:47:03.359747,Kindergarden App,user696@example.com,500,327.01,Internal Server Error
2025-07-27T04:14:03.359747,Kindergarden App,user697@example.com,404,588.88,Not Found
2025-07-27T12:08:07.359747,Kindergarden App,user698@example.com,200,1861.59,
2025-07-27T16:06:53.359747,Kindergarden App,user699@example.com,403,1153.45,Forbidden
2025-07-27T16:05:59.359747,Kindergarden App,user700@example.com,503,1055.38,Service Unavailable
2025-07-27T17:53:05.359747,Kindergarden App,user701@example.com,404,454.17,Not Found
2025-07-27T06:05:11.359747,Kindergarden App,user702@example.com,404,789.25,Not Found
2025-07-27T23:06:41.359747,Kindergarden App,user703@example.com,201,1745.96,
2025-07-27T03:45:57.359747,Kindergarden App,user704@example.com,200,1121.28,
2025-07-27T13:10:06.359747,Kindergarden App,user705@example.com,502,851.21,Bad Gateway
2025-07-28T04:24:46.359747,Kindergarden App,user706@example.com,502,250.89,Bad Gateway
2025-07-28T00:33:29.359747,Kindergarden App,user707@example.com,403,740.57,Forbidden
2025-07-27T19:00:25.359747,Kindergarden App,user708@example.com,403,1785.3,Forbidden
2025-07-27T19:01:37.359747,Kindergarden App,user709@example.com,403,1608.86,Forbidden
2025-07-27T12:25:07.359747,Kindergarden App,user710@example.com,404,1448.49,Not Found
2025-07-27T04:25:50.359747,Kindergarden App,user711@example.com,403,1874.21,Forbidden
2025-07-27T11:42:27.359747,Kindergarden App,user712@example.com,503,1741.94,Service Unavailable
2025-07-27T01:43:06.359747,Kindergarden App,user713@example.com,401,1951.21,Unauthorized
2025-07-28T03:44:05.359747,Kindergarden App,user714@example.com,503,1275.59,Service Unavailable
2025-07-27T08:35:13.359747,Kindergarden App,user715@example.com,401,288.34,Unauthorized
2025-07-27T12:22:14.359747,Kindergarden App,user716@example.com,403,1766.85,Forbidden
2025-07-27T19:25:28.359747,Kindergarden App,user717@example.com,400,194.92,Bad Request
2025-07-28T02:03:18.359747,Kindergarden App,user718@example.com,401,791.45,Unauthorized
2025-07-27T15:22:21.359747,Kindergarden App,user719@example.com,500,1991.27,Internal Server Error
2025-07-27T22:16:17.359747,Kindergarden App,user720@example.com,502,273.7,Bad Gateway
2025-07-27T05:20:22.359747,Kindergarden App,user721@example.com,502,102.35,Bad Gateway
2025-07-27T13:40:21.359747,Kindergarden App,user722@example.com,400,1559.88,Bad Request
2025-07-28T01:17:15.359747,Kindergarden App,user723@example.com,404,861.92,Not Found
2025-07-27T23:07:46.359747,Kindergarden App,user724@example.com,403,1322.28,Forbidden
2025-07-27T13:06:54.359747,Kindergarden App,user725@example.com,502,1666.67,Bad Gateway
2025-07-27T20:26:33.359747,Kindergarden App,user726@example.com,404,1042.74,Not Found
2025-07-27T13:12:46.359747,Kindergarden App,user727@example.com,503,700.27,Service Unavailable
2025-07-27T07:09:39.359747,Kindergarden App,user728@example.com,403,504.65,Forbidden
2025-07-27T05:22:48.359747,Kindergarden App,user729@example.com,401,1663.62,Unauthorized
2025-07-28T03:46:25.359747,Kindergarden App,user730@example.com,404,974.86,Not Found
2025-07-27T19:14:54.359747,Kindergarden App,user731@example.com,503,1761.99,Service Unavailable
2025-07-27T14:48:40.359747,Kindergarden App,user732@example.com,400,1062.12,Bad Request
2025-07-27T19:18:37.359747,Kindergarden App,user733@example.com,200,771.37,
2025-07-27T11:13:02.359747,Kindergarden App,user734@example.com,502,31.8,Bad Gateway
2025-07-27T02:30:35.359747,Kindergarden App,user735@example.com,401,681.03,Unauthorized
2025-07-28T03:43:30.359747,Kindergarden App,user736@example.com,403,139.13,Forbidden
2025-07-27T03:59:54.359747,Kindergarden App,user737@example.com,502,1809.01,Bad Gateway
2025-07-27T13:33:36.359747,Kindergarden App,user738@example.com,404,1293.11,Not Found
2025-07-28T03:11:20.359747,Kindergarden App,user739@example.com,201,792.65,
2025-07-27T15:10:47.359747,Kindergarden App,user740@example.com,403,1635.45,Forbidden
2025-07-27T15:12:23.359747,Kindergarden App,user741@example.com,200,983.42,
2025-07-27T12:23:30.359747,Kindergarden App,user742@example.com,500,862.22,Internal Server Error
2025-07-27T07:43:49.359747,Kindergarden App,user743@example.com,403,1584.11,Forbidden
2025-07-27T09:00:04.359747,Kindergarden App,user744@example.com,404,1477.44,Not Found
2025-07-27T14:32:12.359747,Kindergarden App,user745@example.com,403,767.08,Forbidden
2025-07-27T11:05:04.359747,Kindergarden App,user746@example.com,502,1723.03,Bad Gateway
2025-07-27T02:41:50.359747,Kindergarden App,user747@example.com,401,1083.83,Unauthorized
2025-07-28T00:55:14.359747,Kindergarden App,user748@example.com,200,1414.06,
2025-07-27T21:14:09.359747,Kindergarden App,user749@example.com,503,1879.29,Service Unavailable
2025-07-27T02:15:20.359747,Kindergarden App,user750@example.com,400,503.61,Bad Request
2025-07-28T01:36:28.359747,Kindergarden App,user751@example.com,201,145.86,
2025-07-27T10:47:30.359747,Kindergarden App,user752@example.com,502,856.64,Bad Gateway
2025-07-27T23:26:15.359747,Kindergarden App,user753@example.com,503,1574.22,Service Unavailable
2025-07-27T14:07:32.359747,Kindergarden App,user754@example.com,201,119.17,
2025-07-27T12:28:57.359747,Kindergarden App,user755@example.com,404,1413.13,Not Found
2025-07-27T05:48:05.359747,Kindergarden App,user756@example.com,200,393.17,
2025-07-28T02:30:41.359747,Kindergarden App,user757@example.com,500,372.31,Internal Server Error
2025-07-27T22:37:06.359747,Kindergarden App,user758@example.com,403,1362.28,Forbidden
2025-07-27T07:31:22.359747,Kindergarden App,user759@example.com,502,1951.21,Bad Gateway
2025-07-27T10:11:38.359747,Kindergarden App,user760@example.com,201,1288.95,
2025-07-27T06:43:05.359747,Kindergarden App,user761@example.com,502,961.96,Bad Gateway
2025-07-27T23:24:44.359747,Kindergarden App,user762@example.com,404,549.22,Not Found
2025-07-27T17:36:26.359747,Kindergarden App,user763@example.com,500,1362.95,Internal Server Error
2025-07-27T16:56:09.359747,Kindergarden App,user764@example.com,200,1008.08,
2025-07-27T03:41:16.359747,Kindergarden App,user765@example.com,502,891.56,Bad Gateway
2025-07-27T02:00:43.359747,Kindergarden App,user766@example.com,200,44.99,
2025-07-28T00:12:06.359747,Kindergarden App,user767@example.com,503,1612.89,Service Unavailable
2025-07-27T14:46:47.359747,Kindergarden App,user768@example.com,503,1908.98,Service Unavailable
2025-07-28T00:46:54.359747,Kindergarden App,user769@example.com,200,194.56,
2025-07-27T07:59:04.359747,Kindergarden App,user770@example.com,500,1610.69,Internal Server Error
2025-07-27T11:46:40.359747,Kindergarden App,user771@example.com,404,799.84,Not Found
2025-07-27T09:02:40.359747,Kindergarden App,user772@example.com,400,98.07,Bad Request
2025-07-27T17:32:47.359747,Kindergarden App,user773@example.com,401,1283.29,Unauthorized
2025-07-27T23:34:41.359747,Kindergarden App,user774@example.com,400,893.12,Bad Request
2025-07-27T13:20:04.359747,Kindergarden App,user775@example.com,200,275.49,
2025-07-27T14:51:28.359747,Kindergarden App,user776@example.com,404,494.31,Not Found
2025-07-27T18:22:58.359747,Kindergarden App,user777@example.com,201,562.7,
2025-07-28T02:52:18.359747,Kindergarden App,user778@example.com,200,1742.35,
2025-07-27T05:37:43.359747,Kindergarden App,user779@example.com,400,1297.7,Bad Request
2025-07-27T12:10:54.359747,Kindergarden App,user780@example.com,404,40.18,Not Found
2025-07-27T23:15:36.359747,Kindergarden App,user781@example.com,404,382.34,Not Found
2025-07-27T12:27:41.359747,Kindergarden App,user782@example.com,200,868.08,
2025-07-28T00:08:46.359747,Kindergarden App,user783@example.com,200,1204.32,
2025-07-27T19:29:49.359747,Kindergarden App,user784@example.com,404,1805.11,Not Found
2025-07-28T04:23:56.359747,Kindergarden App,user785@example.com,201,1979.58,
2025-07-27T07:36:27.359747,Kindergarden App,user786@example.com,201,1118.28,
2025-07-27T06:10:32.359747,Kindergarden App,user787@example.com,500,491.96,Internal Server Error
2025-07-27T14:50:45.359747,Kindergarden App,user788@example.com,403,1605.04,Forbidden
2025-07-27T07:32:24.359747,Kindergarden App,user789@example.com,201,826.31,
2025-07-27T14:35:06.359747,Kindergarden App,user790@example.com,401,362.37,Unauthorized
2025-07-27T02:01:31.359747,Kindergarden App,user791@example.com,503,1226.03,Service Unavailable
2025-07-27T14:56:27.359747,Kindergarden App,user792@example.com,401,338.77,Unauthorized
2025-07-27T21:34:22.359747,Kindergarden App,user793@example.com,502,344.75,Bad Gateway
2025-07-27T05:56:39.359747,Kindergarden App,user794@example.com,200,52.94,
2025-07-27T02:33:17.359747,Kindergarden App,user795@example.com,502,899.27,Bad Gateway
2025-07-27T01:56:42.359747,Kindergarden App,user796@example.com,403,1354.18,Forbidden
2025-07-27T08:56:20.359747,Kindergarden App,user797@example.com,400,1030.82,Bad Request
2025-07-27T08:52:36.359747,Kindergarden App,user798@example.com,401,939.84,Unauthorized
2025-07-28T03:17:54.359747,Kindergarden App,user799@example.com,400,461.14,Bad Request
2025-07-27T16:56:19.359747,Kindergarden App,user800@example.com,201,1572.08,
2025-07-27T19:42:41.359747,Kindergarden App,user801@example.com,502,1238.01,Bad Gateway
2025-07-27T23:44:46.359747,Kindergarden App,user802@example.com,404,1739.75,Not Found
2025-07-27T23:43:00.359747,Kindergarden App,user803@example.com,400,490.91,Bad Request
2025-07-28T04:43:03.359747,Kindergarden App,user804@example.com,502,752.88,Bad Gateway
2025-07-27T02:27:42.359747,Kindergarden App,user805@example.com,400,794.62,Bad Request
2025-07-27T22:06:23.359747,Kindergarden App,user806@example.com,401,1143.15,Unauthorized
2025-07-28T00:57:39.359747,Kindergarden App,user807@example.com,400,512.94,Bad Request
2025-07-27T02:34:30.359747,Kindergarden App,user808@example.com,201,1964.71,
2025-07-27T01:55:51.359747,Kindergarden App,user809@example.com,500,1170.13,Internal Server Error
2025-07-27T13:00:16.359747,Kindergarden App,user810@example.com,503,1175.85,Service Unavailable
2025-07-27T22:14:28.359747,Kindergarden App,user811@example.com,201,383.1,
2025-07-27T12:02:39.359747,Kindergarden App,user812@example.com,502,709.95,Bad Gateway
2025-07-27T11:07:24.359747,Kindergarden App,user813@example.com,201,804.55,
2025-07-27T06:59:28.359747,Kindergarden App,user814@example.com,500,662.2,Internal Server Error
2025-07-27T01:19:53.359747,Kindergarden App,user815@example.com,404,460.37,Not Found
2025-07-27T11:18:34.359747,Kindergarden App,user816@example.com,502,573.55,Bad Gateway
2025-07-27T02:10:45.359747,Kindergarden App,user817@example.com,201,1189.83,
2025-07-27T19:52:11.359747,Kindergarden App,user818@example.com,201,1151.78,
2025-07-27T19:56:16.359747,Kindergarden App,user819@example.com,404,1751.87,Not Found
2025-07-27T06:40:45.359747,Kindergarden App,user820@example.com,401,239.46,Unauthorized
2025-07-28T03:46:42.359747,Kindergarden App,user821@example.com,400,322.1,Bad Request
2025-07-27T16:16:08.359747,Kindergarden App,user822@example.com,503,1040.89,Service Unavailable
2025-07-27T09:04:16.359747,Kindergarden App,user823@example.com,201,1565.99,
2025-07-27T19:16:46.359747,Kindergarden App,user824@example.com,500,1261.14,Internal Server Error
2025-07-27T02:32:40.359747,Kindergarden App,user825@example.com,200,1566.73,
2025-07-27T04:04:21.359747,Kindergarden App,user826@example.com,401,1202.16,Unauthorized
2025-07-27T22:10:38.359747,Kindergarden App,user827@example.com,200,1405.79,
2025-07-28T03:16:02.359747,Kindergarden App,user828@example.com,400,1973.04,Bad Request
2025-07-27T08:42:33.359747,Kindergarden App,user829@example.com,503,497.36,Service Unavailable
2025-07-27T13:19:47.359747,Kindergarden App,user830@example.com,201,1693.25,
2025-07-27T01:55:33.359747,Kindergarden App,user831@example.com,404,468.99,Not Found
2025-07-27T10:47:08.359747,Kindergarden App,user832@example.com,400,1260.21,Bad Request
2025-07-27T22:30:25.359747,Kindergarden App,user833@example.com,400,890.86,Bad Request
2025-07-27T23:21:10.359747,Kindergarden App,user834@example.com,403,1162,Forbidden
2025-07-28T02:29:20.359747,Kindergarden App,user835@example.com,500,180.59,Internal Server Error
2025-07-27T10:24:21.359747,Kindergarden App,user836@example.com,500,65.64,Internal Server Error
2025-07-28T00:37:21.359747,Kindergarden App,user837@example.com,403,1120.68,Forbidden
2025-07-28T02:37:23.359747,Kindergarden App,user838@example.com,500,1308.6,Internal Server Error
2025-07-27T17:22:37.359747,Kindergarden App,user839@example.com,503,393.23,Service Unavailable
2025-07-27T10:48:23.359747,Kindergarden App,user840@example.com,502,662.64,Bad Gateway
2025-07-27T14:30:53.359747,Kindergarden App,user841@example.com,403,1407.23,Forbidden
2025-07-27T13:34:33.359747,Kindergarden App,user842@example.com,502,209.14,Bad Gateway
2025-07-28T01:40:09.359747,Kindergarden App,user843@example.com,503,1872.4,Service Unavailable
2025-07-27T07:12:25.359747,Kindergarden App,user844@example.com,502,753.26,Bad Gateway
2025-07-27T03:34:20.359747,Kindergarden App,user845@example.com,201,1574.7,
2025-07-27T23:47:16.359747,Kindergarden App,user846@example.com,200,1258.59,
2025-07-27T21:55:31.359747,Kindergarden App,user847@example.com,403,485.51,Forbidden
2025-07-27T19:00:40.359747,Kindergarden App,user848@example.com,403,559.46,Forbidden
2025-07-27T06:49:07.359747,Kindergarden App,user849@example.com,404,1680.4,Not Found
2025-07-27T14:53:23.359747,Kindergarden App,user850@example.com,400,444.19,Bad Request
2025-07-27T10:26:51.359747,Kindergarden App,user851@example.com,401,609.63,Unauthorized
2025-07-27T13:48:45.359747,Kindergarden App,user852@example.com,200,1049.63,
2025-07-28T01:39:23.359747,Kindergarden App,user853@example.com,502,128.69,Bad Gateway
2025-07-27T13:58:57.359747,Kindergarden App,user854@example.com,502,936.68,Bad Gateway
2025-07-27T10:56:47.359747,Kindergarden App,user855@example.com,500,317.36,Internal Server Error
2025-07-27T22:10:02.359747,Kindergarden App,user856@example.com,400,1785.28,Bad Request
2025-07-27T05:12:52.359747,Kindergarden App,user857@example.com,404,572.96,Not Found
2025-07-27T21:59:59.359747,Kindergarden App,user858@example.com,500,283.43,Internal Server Error
2025-07-27T21:14:21.359747,Kindergarden App,user859@example.com,502,948.52,Bad Gateway
2025-07-28T04:43:18.359747,Kindergarden App,user860@example.com,201,672.52,
2025-07-27T21:23:59.359747,Kindergarden App,user861@example.com,503,1818.26,Service Unavailable
2025-07-27T07:25:50.359747,Kindergarden App,user862@example.com,502,898.31,Bad Gateway
2025-07-27T11:23:10.359747,Kindergarden App,user863@example.com,200,1479.03,
2025-07-27T19:32:52.359747,Kindergarden App,user864@example.com,404,302.55,Not Found
2025-07-27T06:23:36.359747,Kindergarden App,user865@example.com,404,1086.52,Not Found
2025-07-27T16:41:46.359747,Kindergarden App,user866@example.com,400,393.17,Bad Request
2025-07-27T14:02:32.359747,Kindergarden App,user867@example.com,201,1520.12,
2025-07-27T17:08:34.359747,Kindergarden App,user868@example.com,503,669.06,Service Unavailable
2025-07-27T01:22:23.359747,Kindergarden App,user869@example.com,503,668.02,Service Unavailable
2025-07-28T04:47:37.359747,Kindergarden App,user870@example.com,502,911.62,Bad Gateway
2025-07-27T06:25:58.359747,Kindergarden App,user871@example.com,503,1206.91,Service Unavailable
2025-07-27T09:53:20.359747,Kindergarden App,user872@example.com,200,545.1,
2025-07-27T17:53:55.359747,Kindergarden App,user873@example.com,200,660.63,
2025-07-27T06:21:51.359747,Kindergarden App,user874@example.com,503,1497.92,Service Unavailable
2025-07-27T13:59:23.359747,Kindergarden App,user875@example.com,201,1778.71,
2025-07-27T03:12:54.359747,Kindergarden App,user876@example.com,400,1490.86,Bad Request
2025-07-27T22:41:50.359747,Kindergarden App,user877@example.com,400,167.29,Bad Request
2025-07-27T02:37:42.359747,Kindergarden App,user878@example.com,403,1531.73,Forbidden
2025-07-27T17:57:58.359747,Kindergarden App,user879@example.com,404,757.2,Not Found
2025-07-28T02:11:46.359747,Kindergarden App,user880@example.com,500,312.22,Internal Server Error
2025-07-27T04:39:19.359747,Kindergarden App,user881@example.com,400,1827.7,Bad Request
2025-07-27T07:19:48.359747,Kindergarden App,user882@example.com,200,1404.74,
2025-07-27T05:18:18.359747,Kindergarden App,user883@example.com,502,219.05,Bad Gateway
2025-07-27T11:47:26.359747,Kindergarden App,user884@example.com,403,1949.87,Forbidden
2025-07-28T04:37:58.359747,Kindergarden App,user885@example.com,400,683.3,Bad Request
2025-07-27T11:04:25.359747,Kindergarden App,user886@example.com,201,360.66,
2025-07-27T07:31:13.359747,Kindergarden App,user887@example.com,404,743.13,Not Found
2025-07-27T06:01:18.359747,Kindergarden App,user888@example.com,503,382.83,Service Unavailable
2025-07-27T10:08:24.359747,Kindergarden App,user889@example.com,401,254.63,Unauthorized
2025-07-28T03:02:13.359747,Kindergarden App,user890@example.com,503,1604.04,Service Unavailable
2025-07-27T03:30:56.359747,Kindergarden App,user891@example.com,403,835.96,Forbidden
2025-07-28T03:29:38.359747,Kindergarden App,user892@example.com,503,20.69,Service Unavailable
2025-07-27T03:39:00.359747,Kindergarden App,user893@example.com,502,244.29,Bad Gateway
2025-07-27T09:36:09.359747,Kindergarden App,user894@example.com,400,695.32,Bad Request
2025-07-27T11:46:12.359747,Kindergarden App,user895@example.com,201,822.59,
2025-07-28T00:44:51.359747,Kindergarden App,user896@example.com,404,1058.2,Not Found
2025-07-27T19:10:46.359747,Kindergarden App,user897@example.com,201,1540.39,
2025-07-27T02:22:37.359747,Kindergarden App,user898@example.com,503,767.2,Service Unavailable
2025-07-27T01:39:47.359747,Kindergarden App,user899@example.com,400,272.13,Bad Request
2025-07-28T04:55:35.359747,Kindergarden App,user900@example.com,502,565.26,Bad Gateway
2025-07-27T12:25:12.359747,Kindergarden App,user901@example.com,201,1223.51,
2025-07-28T00:59:07.359747,Kindergarden App,user902@example.com,200,953.02,
2025-07-27T05:48:30.359747,Kindergarden App,user903@example.com,400,101.92,Bad Request
2025-07-27T13:38:03.359747,Kindergarden App,user904@example.com,503,1454.13,Service Unavailable
2025-07-27T08:31:58.359747,Kindergarden App,user905@example.com,201,1756.57,
2025-07-27T05:39:21.359747,Kindergarden App,user906@example.com,500,1123.56,Internal Server Error
2025-07-27T22:15:28.359747,Kindergarden App,user907@example.com,201,265.76,
2025-07-27T19:41:38.359747,Kindergarden App,user908@example.com,503,1055.61,Service Unavailable
2025-07-27T19:59:03.359747,Kindergarden App,user909@example.com,201,1324.43,
2025-07-27T15:53:28.359747,Kindergarden App,user910@example.com,200,1552.82,
2025-07-27T13:46:58.359747,Kindergarden App,user911@example.com,502,675.55,Bad Gateway
2025-07-27T13:56:53.359747,Kindergarden App,user912@example.com,200,1895.29,
2025-07-28T02:04:35.359747,Kindergarden App,user913@example.com,500,533.8,Internal Server Error
2025-07-28T02:24:44.359747,Kindergarden App,user914@example.com,503,866.83,Service Unavailable
2025-07-27T17:12:07.359747,Kindergarden App,user915@example.com,502,1010.88,Bad Gateway
2025-07-27T08:46:36.359747,Kindergarden App,user916@example.com,401,871.35,Unauthorized
2025-07-28T00:20:49.359747,Kindergarden App,user917@example.com,503,1244.87,Service Unavailable
2025-07-27T23:39:19.359747,Kindergarden App,user918@example.com,201,232.87,
2025-07-27T12:42:20.359747,Kindergarden App,user919@example.com,502,216.23,Bad Gateway
2025-07-27T09:54:32.359747,Kindergarden App,user920@example.com,500,1984.36,Internal Server Error
2025-07-27T17:37:55.359747,Kindergarden App,user921@example.com,201,359.9,
2025-07-27T21:48:00.359747,Kindergarden App,user922@example.com,201,1928.05,
2025-07-28T03:49:20.359747,Kindergarden App,user923@example.com,200,1238.67,
2025-07-27T15:00:07.359747,Kindergarden App,user924@example.com,401,351.58,Unauthorized
2025-07-27T09:56:18.359747,Kindergarden App,user925@example.com,403,496.06,Forbidden
2025-07-27T20:58:46.359747,Kindergarden App,user926@example.com,400,765.74,Bad Request
2025-07-27T07:13:51.359747,Kindergarden App,user927@example.com,503,1452.37,Service Unavailable
2025-07-27T01:32:03.359747,Kindergarden App,user928@example.com,503,152.63,Service Unavailable
2025-07-27T07:14:26.359747,Kindergarden App,user929@example.com,502,684.06,Bad Gateway
2025-07-27T23:27:22.359747,Kindergarden App,user930@example.com,401,748.78,Unauthorized
2025-07-28T03:07:11.359747,Kindergarden App,user931@example.com,201,1753.13,
2025-07-27T08:25:48.359747,Kindergarden App,user932@example.com,503,390.88,Service Unavailable
2025-07-27T12:33:51.359747,Kindergarden App,user933@example.com,200,1180.01,
2025-07-27T02:22:38.359747,Kindergarden App,user934@example.com,503,473.74,Service Unavailable
2025-07-27T15:41:46.359747,Kindergarden App,user935@example.com,404,740.2,Not Found
2025-07-27T17:41:17.359747,Kindergarden App,user936@example.com,200,1928.61,
2025-07-27T09:24:03.359747,Kindergarden App,user937@example.com,500,1327.5,Internal Server Error
2025-07-28T00:31:30.359747,Kindergarden App,user938@example.com,201,1531.6,
2025-07-27T01:41:45.359747,Kindergarden App,user939@example.com,403,516.89,Forbidden
2025-07-27T15:19:58.359747,Kindergarden App,user940@example.com,401,1845.7,Unauthorized
2025-07-27T16:02:15.359747,Kindergarden App,user941@example.com,201,29.78,
2025-07-27T07:32:32.359747,Kindergarden App,user942@example.com,502,363.83,Bad Gateway
2025-07-28T02:13:32.359747,Kindergarden App,user943@example.com,404,146.96,Not Found
2025-07-27T16:55:02.359747,Kindergarden App,user944@example.com,503,1288.91,Service Unavailable
2025-07-27T09:26:32.359747,Kindergarden App,user945@example.com,403,1082.28,Forbidden
2025-07-27T03:12:40.359747,Kindergarden App,user946@example.com,400,1657.88,Bad Request
2025-07-27T13:21:46.359747,Kindergarden App,user947@example.com,201,1151.51,
2025-07-27T09:51:03.359747,Kindergarden App,user948@example.com,403,845.28,Forbidden
2025-07-27T16:40:47.359747,Kindergarden App,user949@example.com,400,1358.11,Bad Request
2025-07-27T03:34:49.359747,Kindergarden App,user950@example.com,502,1638.18,Bad Gateway
2025-07-27T09:44:34.359747,Kindergarden App,user951@example.com,503,1267.4,Service Unavailable
2025-07-27T13:34:42.359747,Kindergarden App,user952@example.com,200,183.01,
2025-07-28T02:36:21.359747,Kindergarden App,user953@example.com,403,78.6,Forbidden
2025-07-27T04:44:36.359747,Kindergarden App,user954@example.com,201,880.68,
2025-07-27T03:43:50.359747,Kindergarden App,user955@example.com,503,1190.18,Service Unavailable
2025-07-27T18:58:59.359747,Kindergarden App,user956@example.com,503,1374.43,Service Unavailable
2025-07-27T06:19:55.359747,Kindergarden App,user957@example.com,404,1882.77,Not Found
2025-07-28T04:05:26.359747,Kindergarden App,user958@example.com,502,1871.69,Bad Gateway
2025-07-27T06:10:17.359747,Kindergarden App,user959@example.com,200,173.93,
2025-07-27T09:36:43.359747,Kindergarden App,user960@example.com,400,1607.12,Bad Request
2025-07-27T08:53:06.359747,Kindergarden App,user961@example.com,201,1320.5,
2025-07-27T04:34:45.359747,Kindergarden App,user962@example.com,400,97.33,Bad Request
2025-07-27T18:48:27.359747,Kindergarden App,user963@example.com,403,552.72,Forbidden
2025-07-27T11:37:26.359747,Kindergarden App,user964@example.com,200,756.47,
2025-07-27T08:41:54.359747,Kindergarden App,user965@example.com,502,1725.72,Bad Gateway
2025-07-27T12:28:05.359747,Kindergarden App,user966@example.com,500,951.94,Internal Server Error
2025-07-27T01:49:02.359747,Kindergarden App,user967@example.com,401,1124.31,Unauthorized
2025-07-27T08:39:09.359747,Kindergarden App,user968@example.com,401,1016.51,Unauthorized
2025-07-27T18:30:11.359747,Kindergarden App,user969@example.com,502,817.01,Bad Gateway
2025-07-28T00:12:32.359747,Kindergarden App,user970@example.com,201,619.39,
2025-07-27T12:31:21.359747,Kindergarden App,user971@example.com,503,1813.34,Service Unavailable
2025-07-27T23:10:46.359747,Kindergarden App,user972@example.com,500,1462.82,Internal Server Error
2025-07-27T09:28:05.359747,Kindergarden App,user973@example.com,200,1349.05,
2025-07-27T21:26:27.359747,Kindergarden App,user974@example.com,400,1373.77,Bad Request
2025-07-27T13:44:29.359747,Kindergarden App,user975@example.com,401,56.06,Unauthorized
2025-07-27T21:51:11.359747,Kindergarden App,user976@example.com,401,1515.66,Unauthorized
2025-07-27T02:21:37.359747,Kindergarden App,user977@example.com,200,64.18,
2025-07-27T21:24:06.359747,Kindergarden App,user978@example.com,403,1254.76,Forbidden
2025-07-27T20:38:33.359747,Kindergarden App,user979@example.com,201,54.8,
2025-07-27T21:10:38.359747,Kindergarden App,user980@example.com,502,1311.94,Bad Gateway
2025-07-27T06:10:40.359747,Kindergarden App,user981@example.com,403,946.92,Forbidden
2025-07-27T21:29:21.359747,Kindergarden App,user982@example.com,500,160.06,Internal Server Error
2025-07-27T13:32:05.359747,Kindergarden App,user983@example.com,502,1166.93,Bad Gateway
2025-07-28T00:41:37.359747,Kindergarden App,user984@example.com,503,1454.58,Service Unavailable
2025-07-27T12:35:17.359747,Kindergarden App,user985@example.com,503,961.17,Service Unavailable
2025-07-27T16:07:55.359747,Kindergarden App,user986@example.com,500,1174.54,Internal Server Error
2025-07-27T21:45:54.359747,Kindergarden App,user987@example.com,403,371.76,Forbidden
2025-07-28T02:16:09.359747,Kindergarden App,user988@example.com,500,1010.44,Internal Server Error
2025-07-27T22:47:18.359747,Kindergarden App,user989@example.com,201,1889.6,
2025-07-27T22:08:10.359747,Kindergarden App,user990@example.com,401,303.07,Unauthorized
2025-07-27T12:25:23.359747,Kindergarden App,user991@example.com,200,277.39,
2025-07-27T07:31:02.359747,Kindergarden App,user992@example.com,502,1762.23,Bad Gateway
2025-07-27T20:37:39.359747,Kindergarden App,user993@example.com,200,1059.08,
2025-07-27T20:22:22.359747,Kindergarden App,user994@example.com,200,868.83,
2025-07-28T00:20:36.359747,Kindergarden App,user995@example.com,400,831.65,Bad Request
2025-07-27T16:00:17.359747,Kindergarden App,user996@example.com,403,208.37,Forbidden
2025-07-27T01:46:53.359747,Kindergarden App,user997@example.com,503,926.49,Service Unavailable
2025-07-27T13:46:06.359747,Kindergarden App,user998@example.com,201,1127.97,
2025-07-28T03:11:03.359747,Kindergarden App,user999@example.com,201,574.59,
2025-07-27T10:05:02.359747,Kindergarden App,user1000@example.com,401,1100.55,Unauthorized
2025-07-27T14:05:00.359747,Kindergarden App,user1001@example.com,500,613.37,Internal Server Error
